id,domain,status,purchase_price,renewal_price,attractiveness,demand,length,registrar,created_at,expires_at,status_verified_at
fa651f5f-1208-495c-8579-498de6246c70,devotion.gripe,available,6.99,6.99,high,low,8,namesilo,,,
a0a249f8-24dd-48d4-a8ba-3acd45bba5a5,tasks.gripe,available,6.99,6.99,high,low,5,namesilo,,,
012fd9d2-207c-4ecb-b64e-b64981ad7cec,alien.gripe,available,6.98,8.98,high,medium,5,namecheap,,,
4dd69260-e5cb-4474-be91-fba34acd543d,bulk.gripe,available,6.99,6.99,high,low,4,namesilo,,,
46ad5857-7db8-4515-9889-bc7e09bc3d6d,clxxx.gripe,available,6.98,8.98,medium,low,5,namecheap,,,
48aa0d13-0053-4f01-aeb5-208cfd91013f,day.gripe,premium,78.54,78.54,high,low,3,namesilo,,,
f3f97984-9577-43d1-8148-c5bc3db32b4a,banking.gripe,available,6.99,6.99,high,low,7,namesilo,,,
476f8aed-2945-4ed6-9383-3b3aed60cd0e,using.gripe,available,6.99,6.99,high,low,5,namesilo,,,
9dddea61-a18a-4807-8fff-60eae9527b75,camper.gripe,available,,,high,low,6,,,,
c0c0ceac-88d4-4461-8feb-c067eeef6870,girl.gripe,available,8.98,,high,low,4,namecheap,,,
6859fc83-59ae-4cb1-bda9-d3a096d30f7c,shoplift.gripe,available,6.99,6.99,medium,low,8,namesilo,,,
6c959d64-9a02-4436-aeec-96da6b4f57eb,shelter.gripe,available,6.98,8.98,high,low,7,namecheap,,,24/09/2026 11:20
b669ed04-a76b-471c-8aa7-6415805d6eed,somebody.gripe,available,6.99,6.99,high,low,8,namesilo,,,
05a620de-454b-48ea-b7ec-92f2bd2df7f5,welfare.gripe,available,6.98,8.98,high,low,7,namecheap,,,08/09/2026 03:13
d2250940-2baf-42b3-9b18-84520d1951c4,score.gripe,available,6.99,6.99,high,low,5,namesilo,,,
1252ec66-8d9f-4e26-8783-b4ddd65730e2,marble.gripe,available,8.98,,high,low,6,namecheap,,,
0add31ac-e5f4-41da-b5d8-4a408dae5804,nowadays.gripe,available,6.99,6.99,high,low,8,namesilo,,,
f61ab2d2-3c96-4794-9682-f3ff9b3ea24c,llp.gripe,premium,78.54,78.54,high,low,3,namesilo,,,
958c6e55-9c9b-47c5-bbe7-69fb507df2ac,definitively.gripe,available,6.99,6.99,medium,low,12,namesilo,,,
af2c1881-b83b-4347-ae98-4cdeee8b2c02,knock.gripe,available,6.99,6.99,high,low,5,namesilo,,,
5753474b-0f68-4ea9-ab9f-930757d59994,amusing.gripe,available,6.98,8.98,high,low,7,namecheap,,,
001b163e-efe4-4435-aec5-59fc33953c05,ageless.gripe,available,6.98,8.98,high,low,7,namecheap,,,
4757bca0-b5e8-4c69-9a91-d73e753bdc0c,cosmos.gripe,available,6.99,6.99,high,low,6,namesilo,,,
6ca54ed4-3334-430d-8d53-26cb331503a0,actinoid.gripe,available,6.98,8.98,medium,low,8,namecheap,,,
69be7131-4fef-467f-b9bf-21b02fca631c,coolly.gripe,available,6.99,6.99,high,low,6,namesilo,,,
b9a2440f-0838-441d-8ea9-703f70614639,carnal.gripe,available,6.98,8.98,high,low,6,namecheap,,,
ea0b243a-8d3f-4c4b-a60c-003c6be151fe,side.gripe,available,6.99,6.99,high,low,4,namesilo,,,
3fcb9f41-a2a9-48fc-a9d5-d9049aef3d20,tone.gripe,available,6.99,6.99,high,low,4,namesilo,,,
943980c0-4851-48ff-b345-9d510be82e1f,annalistic.gripe,available,6.98,8.98,high,low,10,namecheap,,,
0adfd54e-997d-4085-9b48-7e2f5f68d216,tree.gripe,available,6.99,6.99,high,low,4,namesilo,,,
39c686cf-7158-4c48-a4d7-fd804c6f1749,energy.gripe,premium,38.94,38.94,high,medium,6,namesilo,,,04/09/2026 13:30
366d571c-6706-4d52-84eb-226669a697a5,sunbeam.gripe,available,8.98,,high,low,7,namecheap,,,
a6a272fd-72a5-4258-8707-dce527f724d3,decorous.gripe,available,6.98,8.98,medium,low,8,namecheap,,,09/08/2026 06:21
148371b4-92ef-4e9f-bb95-42806b1f470c,kitchen.gripe,available,6.99,6.99,high,low,7,namesilo,,,
3e528b71-b15e-4c5f-9bb3-4b09d8f71f4f,elsewhere.gripe,available,8.98,,high,low,9,namecheap,,,
66640efc-6ce6-4aa0-b185-787582850d0b,prototypal.gripe,available,6.98,8.98,medium,low,10,namecheap,,,06/08/2026 15:37
87a2afc0-11b8-423e-860b-0704636643de,june.gripe,available,6.99,6.99,high,low,4,namesilo,,,
75e43626-f998-4ac3-9954-ed92119bd9cc,region.gripe,available,6.99,6.99,high,low,6,namesilo,,,
92fba242-79b6-4485-a563-e7d5aaf61c64,decent.gripe,available,6.98,8.98,high,low,6,namecheap,,,09/08/2026 06:17
925d21d4-b724-49ba-a838-3b0d2dcfeeaa,feeling.gripe,available,6.99,6.99,high,low,7,namesilo,,,
8993218d-daf6-440f-b369-3598294e06da,burden.gripe,available,6.99,6.99,medium,low,6,namesilo,,,
b32113ac-4142-41c6-82b1-226f7b109c05,river.gripe,available,6.99,6.99,high,low,5,namesilo,,,
077de09a-c22b-43cf-9416-8f4c6f27d787,humanity.gripe,available,6.99,6.99,high,low,8,namesilo,,,
b341f6f7-3d60-4a3c-87bc-6d37621081fd,postoffice.gripe,available,6.99,6.99,high,low,11,namesilo,,,
80e4989a-9158-4038-84e2-11cc83bb3f10,negotiate.gripe,available,6.99,6.99,high,low,9,namesilo,,,
097fb1d8-ac85-4804-8cd2-99f14c6e2cc5,gramme.gripe,available,6.99,6.99,high,low,6,namesilo,,,
88fe0047-668f-4ccc-a59b-58e1f314a093,constantly.gripe,available,6.99,6.99,high,low,10,namesilo,,,
a5c183db-c3d0-4ee5-aaa9-30b064f28c79,policy.gripe,available,6.99,6.99,high,low,6,namesilo,,,
f574ad8b-2133-43b7-b91e-04a444611226,control.gripe,available,6.98,8.98,high,low,7,namecheap,,,08/09/2026 08:00
ac973a03-c748-4cbc-8e7a-1ba3d80e1ce8,evaluate.gripe,available,6.99,6.99,high,low,8,namesilo,,,
1b64ead6-09d7-4531-b8ff-fff5129363fb,kingdom.gripe,premium,242,242,high,low,7,namesilo,,,
feca4eb7-844d-44d5-9236-d5abb0374ea1,ruled.gripe,available,8.98,,high,low,5,namecheap,,,
fa019539-9076-46ad-9b9c-637447da3ca9,petite.gripe,available,6.98,8.98,medium,low,6,namecheap,,,08/08/2026 14:24
5f826a59-6194-4f92-b49f-84be28da39d2,dismayed.gripe,available,6.98,8.98,medium,low,8,namecheap,,,
dacc551d-2c3a-48c8-aab3-040da78bd546,topic.gripe,available,6.99,6.99,high,low,5,namesilo,,,
6dc7b9da-18ac-4cbb-828b-a7458ba7b20b,kind.gripe,available,6.99,6.99,high,low,4,namesilo,,,
ee341937-e180-4894-a9f9-7005fb543a3b,avellan.gripe,available,6.98,8.98,medium,low,7,namecheap,,,07/08/2026 22:24
f861a462-3744-4eb7-b738-57fab87b1744,number.gripe,available,6.99,6.99,high,low,6,namesilo,,,
13989bfe-898d-4602-97ec-77957ca8bc02,afflicted.gripe,available,6.98,8.98,high,low,9,namecheap,,,
25bfece2-b3e6-4277-8be5-dc19967ef2e4,descend.gripe,available,6.99,6.99,high,low,7,namesilo,,,
5c257b74-cb0e-4a59-adcd-a45daaac5712,fidgety.gripe,available,6.98,8.98,high,low,7,namecheap,,,05/08/2026 20:32
ed41581f-8d55-4275-a2fd-cdbc27a925d8,fifty.gripe,available,6.98,8.98,high,low,5,namecheap,,,
c846e92d-4c2e-439a-a4e2-91a3292ae835,played.gripe,available,6.99,6.99,high,low,6,namesilo,,,
776db605-ff8c-4cf6-9793-f3237bb93ed7,untypical.gripe,available,6.98,8.98,medium,low,9,namecheap,,,07/08/2026 16:10
35b22709-ccd3-4d6e-bac5-2482a73f3784,hanukah.gripe,available,6.99,6.99,high,low,7,namesilo,,,
9e6505b4-de55-4331-b7b0-118c8b761ea5,borne.gripe,available,6.99,6.99,high,low,5,namesilo,,,
946d2316-eec7-49fc-bfa1-22ad838f7a07,longer.gripe,available,8.98,,high,low,6,namecheap,,,
ccbc5d76-9597-4139-9573-e3240e4f1941,reflection.gripe,available,6.99,6.99,high,low,10,namesilo,,,
875e4ece-f2f3-47b5-b24b-d99c15f3adca,sedulous.gripe,available,6.98,8.98,medium,low,8,namecheap,,,07/08/2026 06:14
1d5c929d-0545-4fa3-92cb-fbd597654bce,insect.gripe,available,6.99,6.99,high,low,6,namesilo,,,
5af5d0cf-9422-4f1f-a74d-21300b071589,territory.gripe,available,6.99,6.99,high,low,9,namesilo,,,
8708f79c-b950-42d7-9fc8-7aec59c56cd0,matched.gripe,available,6.99,6.99,high,low,7,namesilo,,,
96f3e8a9-157a-40d7-b572-315d2e618933,date.gripe,premium,82.5,,high,low,4,name.com,,,
c0498f70-3ec8-48d4-a366-11011fb69713,campaigning.gripe,available,6.99,6.99,high,low,11,namesilo,,,
6bfc363b-e0b1-4cf2-a70e-2321a85f16fb,subtle.gripe,available,6.99,6.99,high,low,6,namesilo,,,
35de98c1-4f04-4f18-8175-7664c5e186bf,revolution.gripe,available,8.98,,high,low,10,namecheap,,,
7bb41ebc-e665-4286-9a7d-b9d00ef6cb94,aliform.gripe,available,6.98,8.98,medium,low,7,namecheap,,,
33206b3b-496d-4001-93d6-6bd4c366ff90,devise.gripe,available,6.99,6.99,high,low,6,namesilo,,,
882f9a1c-a981-4335-9be9-9036558094c0,allowable.gripe,available,6.98,8.98,high,low,9,namecheap,,,
891682fa-8256-4f79-89c3-7547685e6154,apposite.gripe,available,6.98,8.98,medium,low,8,namecheap,,,06/08/2026 07:53
90faa143-c074-4579-b182-2cfb3de72763,however.gripe,available,6.99,6.99,high,low,7,namesilo,,,
e40d2928-7768-4ea7-a4c7-43b62a972a3f,advertent.gripe,available,6.98,8.98,medium,low,9,namecheap,,,
c66f8bb4-c2e5-4b9f-99f4-0c02999a44df,butter.gripe,available,6.99,6.99,high,low,6,namesilo,,,
6c14861a-e4ca-4ab0-b656-f96eb3ec0278,crash.gripe,available,6.99,6.99,high,low,5,namesilo,,,
311aed8c-530c-4831-b3b8-d38d2c19b1e0,alimentary.gripe,available,6.98,8.98,high,low,10,namecheap,,,
6288bafa-c2cd-4e79-991e-8c3327723977,premium.gripe,available,6.99,6.99,high,low,7,namesilo,,,
cd247ee2-a508-4640-b3bd-b1557897c399,ataxic.gripe,available,6.98,8.98,medium,low,6,namecheap,,,07/08/2026 12:32
1fd00bc2-b9b3-4465-8a61-881b598709b8,david.gripe,available,6.99,6.99,high,medium,5,namesilo,,,
0f85d2d3-b52b-4136-9dbc-b1821cd21fe8,brighten.gripe,available,6.99,6.99,high,low,8,namesilo,,,
db41f53b-6710-4991-9a08-5f6f389ea41d,add.gripe,available,6.99,6.99,high,low,3,namesilo,,,
ce2241d5-8c6c-4c41-8a62-e6cb983618b5,appropriately.gripe,available,6.99,6.99,medium,low,13,namesilo,,,
2fca7441-2348-4c2f-91c4-867f689fbc94,optic.gripe,available,6.99,6.99,high,low,5,namesilo,,,
de472a7a-50d3-40c6-bb29-2562d2aa4a13,smile.gripe,premium,78.54,78.54,high,medium,5,namesilo,,,
27c49b19-d8a8-4dd1-a79d-1548ed240b13,bedhead.gripe,available,8.98,,medium,low,8,namecheap,,,
bb653029-5662-4248-9503-2427e3dd4693,astonish.gripe,available,6.99,6.99,high,low,8,namesilo,,,
7f0498c4-8b5f-4671-8018-4ab15f2dbda8,wear.gripe,available,6.99,6.99,high,low,4,namesilo,,,
a65c5f39-282e-4bd2-b153-d271b4fdde0c,advocate.gripe,available,6.99,6.99,high,low,8,namesilo,,,
20e454ee-7209-47bb-886a-0ca3e056255e,infant.gripe,available,6.99,6.99,high,low,6,namesilo,,,
1e367a33-baa3-4f09-9e35-0fd305b5dbb3,third.gripe,available,6.98,8.98,high,low,5,namecheap,,,
164acf2d-6767-4d83-8f2b-0a485f49eda9,paint.gripe,available,6.99,6.99,high,low,5,namesilo,,,
d147f311-fd9e-4af8-8c02-f4d9e33433ca,caught.gripe,available,6.99,6.99,high,low,6,namesilo,,,
d8ea0e90-494f-4138-bdfd-cc569e6a5161,basis.gripe,available,6.99,6.99,high,low,5,namesilo,,,
8ec9865a-c18f-47d6-a67c-3d306a8dd91c,quieter.gripe,available,6.99,6.99,high,low,7,namesilo,,,
4415e7c8-9ed4-46ed-8158-ecdb5848218a,desk.gripe,available,6.98,8.98,high,low,4,namecheap,,,08/09/2026 08:30
713c1534-2712-4ffc-b43f-0a7ce286ed23,lxvii.gripe,available,6.98,8.98,medium,low,5,namecheap,,,
ae55fa57-8255-4c4e-bd62-a5c5d13ba7c8,appeal.gripe,available,8.98,,high,low,6,namecheap,,,
8d40031e-6dd6-4400-b534-f642f95514cb,taken.gripe,available,6.99,6.99,high,low,5,namesilo,,,
e50ac0e3-8714-439f-8e3d-77f5afbabe3f,undesirable.gripe,available,6.99,6.99,high,low,11,namesilo,,,
080d5535-f9a9-45c0-b56c-de3b4d54372b,achaean.gripe,available,6.98,8.98,high,low,7,namecheap,,,
4b3b1157-5fe3-4e12-ba1b-ed387e00765b,neighbour.gripe,available,6.99,6.99,high,low,9,namesilo,,,
55e80325-c743-41ca-9100-2db42d070d03,portable.gripe,available,6.99,6.99,high,low,8,namesilo,,,
42ad46ef-b5e6-44d0-8d20-59275696ca7d,midget.gripe,available,6.98,8.98,high,low,6,namecheap,,,08/08/2026 14:19
29ca751b-1fd1-4b7c-9716-a0761ce4da2b,blades.gripe,available,6.99,6.99,high,low,6,namesilo,,,
1521a9ef-835c-4dd8-8a04-023465b00bb5,gym.gripe,premium,82.5,,high,low,3,name.com,,,
fcffa029-75a9-418b-a1ac-e324b36e6345,collarbone.gripe,available,6.99,6.99,high,low,11,namesilo,,,
c550a281-633b-42ed-a5b0-99178fd89c0c,execrable.gripe,available,6.98,8.98,medium,low,9,namecheap,,,
f8ba6e07-be0b-4aff-85e0-3238b9a24344,drift.gripe,available,6.99,6.99,high,low,5,namesilo,,,
366fe0fe-37c5-4c37-a69a-303b1f393f67,dignitary.gripe,available,6.99,6.99,high,low,9,namesilo,,,
88976fc8-584f-4b8b-ba76-742ea71e014e,asinine.gripe,available,6.98,8.98,low,low,7,namecheap,,,07/08/2026 02:35
b6d22699-a05f-4fe7-82f1-031840058044,poignant.gripe,available,6.98,8.98,high,low,8,namecheap,,,
11fd239b-2a41-4961-af7b-be5e162494f9,fervent.gripe,available,6.98,8.98,high,low,7,namecheap,,,06/08/2026 16:14
d18c85ad-703a-457e-8e0c-5388d1805d5b,indentured.gripe,available,6.98,8.98,medium,low,10,namecheap,,,06/08/2026 08:34
5b3f4754-cb7a-4aaf-94dd-cbeeef19f50f,runabout.gripe,available,6.99,6.99,high,low,9,namesilo,,,
9934ba48-0bba-4554-bd9e-c1c7358d5a98,shrek.gripe,available,,,high,low,5,,,,
9ce49caf-7b00-4b1d-b875-bac70377d6a4,haste.gripe,available,8.98,,high,low,5,namecheap,,,
5e581028-44de-40ac-b806-afe723b046db,tons.gripe,available,8.98,,high,low,4,namecheap,,,
c569e2e3-0581-47a8-b3e7-bcebe450ae15,services.gripe,premium,42.9,42.9,high,low,8,namecheap,,,
ccf9c589-79c4-4330-98a7-4512c9372313,drown.gripe,available,6.99,6.99,medium,low,5,namesilo,,,
bf7577a2-2965-4847-b911-09a5108759ef,roman.gripe,available,6.99,6.99,high,low,5,namesilo,,,
2fac3705-0f20-470d-b204-33d8249be231,claire.gripe,available,6.99,6.99,high,low,6,namesilo,,,
d39272db-f74a-4590-a541-3966d7de193b,overjoy.gripe,available,6.99,6.99,high,low,7,namesilo,,,
8c18dbb4-182e-4bf4-9f88-9a68449becb4,authorial.gripe,available,6.98,8.98,medium,low,9,namecheap,,,07/08/2026 16:19
445c51e3-d512-4e52-bd3c-efb6ee33f240,adjunct.gripe,available,6.98,8.98,high,low,7,namecheap,,,
4b6305ea-5190-4560-a15e-2ef5a0103919,cat.gripe,available,,,high,low,3,,,,
3a8fa55d-115b-4963-aebb-c32fee3073bd,squall.gripe,available,8.98,,high,low,6,namecheap,,,
b64725ee-1f58-462e-a35b-e5d5b175801a,injure.gripe,available,6.99,6.99,high,low,6,namesilo,,,
d987d9ba-d5d8-4ffb-a459-6b4547e549c8,teammate.gripe,available,8.98,,high,low,8,namecheap,,,
5960f12c-cc37-4eed-8d7e-5c80c33d915d,possibly.gripe,available,8.98,,high,low,8,namecheap,,,
cf57da46-f295-4f41-b98a-85385a1f721a,dizzy.gripe,available,6.98,8.98,high,low,5,namecheap,,,
b869c8e6-3e75-4d46-97af-7b5c91363df3,solo.gripe,available,,,high,low,4,,,,
44590ffe-1a4f-401e-8188-33bd3a68e0d2,fever.gripe,available,6.99,6.99,high,low,5,namesilo,,,
87883559-b3cd-480c-a6a3-1f1971f4c720,rigorous.gripe,available,8.98,,high,low,8,namecheap,,,
fbed7318-5903-47e6-8489-a62e65e51964,yuck.gripe,available,6.99,6.99,high,low,4,namesilo,,,
df1dcb9c-9a36-4924-b001-1d22ac9faf54,dad.gripe,premium,78.54,78.54,high,low,3,namesilo,,,
aa04fd7d-ff2b-48bb-9e3f-dc3f7ba9870a,lend.gripe,available,6.99,6.99,high,low,4,namesilo,,,
938ddaec-90a0-4bce-a04c-8c1472746c6e,inception.gripe,available,6.99,6.99,high,low,9,namesilo,,,
4b19c725-767d-4d4b-b2c8-5db5382a4e4a,ambient.gripe,available,6.98,8.98,high,low,7,namecheap,,,
3c528029-7853-45f6-be88-9ce183a68a25,wrist.gripe,available,6.99,6.99,high,low,5,namesilo,,,
e0c743f0-d82f-4322-a254-03ca42f99a94,flack.gripe,available,6.98,8.98,high,low,5,namecheap,,,
3adcd701-c857-443c-89f2-5201c634412c,axis.gripe,available,6.99,6.99,high,medium,4,namesilo,,,
e8a69791-e574-4e51-a076-b98d0c1df5e9,describe.gripe,available,6.99,6.99,high,low,8,namesilo,,,
13c923a0-dc83-4d8f-beed-d0665a272201,trees.gripe,available,6.99,6.99,high,low,5,namesilo,,,
4542e341-5770-45c8-87d7-bfbdbd5ac33e,ascension.gripe,available,6.98,8.98,high,low,9,namecheap,,,07/08/2026 00:30
eb06c2b5-a25e-4c5b-9520-611f0fcb7e21,arbitral.gripe,available,6.98,8.98,medium,low,8,namecheap,,,06/08/2026 12:48
6eee4be6-3954-413e-bed5-a3e029a3044e,styptic.gripe,available,6.98,8.98,medium,low,7,namecheap,,,07/08/2026 10:00
9dc25de6-e74b-4233-bee2-271b8218231a,quickness.gripe,available,6.99,6.99,high,low,9,namesilo,,,
b3ce2ae7-5e99-4375-88a0-994344f7e6c8,sing.gripe,available,6.99,6.99,high,low,4,namesilo,,,
6d6e5dba-dcaf-4fc0-bd9d-f0ee09f6eb95,princess.gripe,available,6.99,6.99,high,low,8,namesilo,,,
0e4889d5-9b92-42f9-93cc-9d4544978b0c,experimentally.gripe,available,6.99,6.99,medium,low,14,namesilo,,,
1a0cc6b0-092c-4d19-8069-88cfc19d7143,bald.gripe,available,6.98,8.98,medium,low,4,namecheap,,,08/08/2026 09:16
8b1a43ee-0e15-4746-ad5f-fd9b6741fc4a,seats.gripe,available,6.99,6.99,high,low,5,namesilo,,,
5a7114dd-be71-48fa-9c34-bf7aaba6fac4,lockbox.gripe,available,6.99,6.99,high,low,7,namesilo,,,
16375398-9329-4190-adce-43b78c2ed526,nutty.gripe,available,6.98,8.98,high,low,5,namecheap,,,06/08/2026 21:27
efb27ff9-167c-416d-89ea-208dbba50286,observer.gripe,available,6.99,6.99,high,low,8,namesilo,,,
d04e8062-1a5b-434e-95e9-ae1a032c60eb,nearly.gripe,available,6.99,6.99,high,low,6,namesilo,,,
613e445d-248b-45d8-977f-267895a63a35,fate.gripe,available,6.99,6.99,high,low,4,namesilo,,,
281b93ae-c14d-4a66-841f-36430277cd8b,musical.gripe,available,6.99,6.99,high,low,7,namesilo,,,
3503ecdd-2d45-4afc-b76d-6df462fef701,measles.gripe,available,8.98,,high,low,7,namecheap,,,
bd718a10-e93e-48d4-bad0-290ccbb565f4,protected.gripe,available,6.99,6.99,high,low,9,namesilo,,,
c3dad5c2-f148-4a05-b952-e283953c7c0e,specification.gripe,available,6.99,6.99,high,low,13,namesilo,,,
bcda9157-a44e-4a07-a5a8-113ece8c1e97,autarchic.gripe,available,6.98,8.98,medium,low,9,namecheap,,,07/08/2026 18:36
e18a153c-60fd-47ec-b093-eafe809a3976,abc.gripe,premium,85.8,85.8,high,medium,3,namecheap,,,
0e0c4452-38e8-438e-82cb-f289db3f3d5b,sold.gripe,available,6.99,6.99,high,low,4,namesilo,,,
a4d57a14-b8ed-449c-b480-e4f9d569a9ba,dollar.gripe,available,6.99,6.99,high,low,6,namesilo,,,
5001a0e1-d80b-4e38-a62d-531418742d38,alvine.gripe,available,6.98,8.98,medium,low,6,namecheap,,,
57fece73-baae-4dcb-b064-2a5caca2cff8,admiration.gripe,available,6.99,6.99,high,low,10,namesilo,,,
b8a9a9f0-6012-45cb-808d-c98a5a232cca,whisking.gripe,available,6.99,6.99,high,low,8,namesilo,,,
089d6532-7cc5-484a-bf0b-98f50abdf984,arced.gripe,available,6.98,8.98,medium,low,5,namecheap,,,06/08/2026 14:28
266f2da2-b960-4dd4-b95d-fa383541fa4f,leg.gripe,available,6.99,6.99,high,low,3,namesilo,,,
05a587b0-5d64-4cac-82cc-561b89b03b47,penny.gripe,available,6.99,6.99,high,low,5,namesilo,,,
f14f39aa-32d0-4926-bde4-d572c73c9cef,ballroom.gripe,available,6.99,6.99,high,low,8,namesilo,,,
5412e84b-70f3-4454-bb02-0d412de35b25,skype.gripe,available,,,high,low,5,,,,
bc00b846-a58c-4e14-bfb0-3cdd9a267b55,deepest.gripe,available,8.98,,medium,low,7,namecheap,,,
f40eb194-a261-4ac8-bb94-3aaa1bf0bbc0,moderator.gripe,available,8.98,,high,low,9,namecheap,,,
eac7e128-73c7-4ba5-97c7-753a726079e8,heaven.gripe,available,6.99,6.99,high,low,6,namesilo,,,
e82ce2fa-9bcc-48c4-acd1-92f22ea7a301,wooden.gripe,available,6.99,6.99,high,low,6,namesilo,,,
4c524d58-55f3-4cfe-880e-f0034debc9a9,supposedly.gripe,available,6.99,6.99,medium,low,10,namesilo,,,
267de6bc-399c-4b37-af8d-645ca231e70a,troika.gripe,available,6.98,8.98,high,low,6,namecheap,,,
8744dfbb-8e41-40f5-b460-75c056f5b748,fairy.gripe,available,6.99,6.99,high,low,5,namesilo,,,
074f1152-07b6-46ca-8056-6734fa3334c8,mediocre.gripe,available,6.99,6.99,high,low,8,namesilo,,,
e0942f96-5800-4846-ae84-2ac817364724,idiom.gripe,available,6.99,6.99,high,low,5,namesilo,,,
36070ffc-be4f-4b4c-8ac5-7f1c1856d567,sort.gripe,available,6.99,6.99,high,low,4,namesilo,,,
698ccb7a-c3e8-4486-a324-a1266c1785af,garlic.gripe,available,6.99,6.99,high,low,6,namesilo,,,
60de7c81-0618-4947-96dc-84a6f5159906,knowing.gripe,available,6.99,6.99,high,low,7,namesilo,,,
38644eca-5c93-41c4-86b8-8ac00e5f9b69,html.gripe,available,6.99,6.99,high,low,4,namesilo,,,
64c088e3-1bdf-43b0-b181-b352dcd5fab3,clv.gripe,available,6.98,8.98,high,low,3,namecheap,,,
a3976cf9-318e-42b9-988e-1450e4a7cf95,nyse.gripe,available,6.99,6.99,high,low,4,namesilo,,,
1774d58e-6326-475a-96eb-19ef1bbeeaf8,linked.gripe,available,6.99,6.99,high,low,6,namesilo,,,
208b5f12-a8ec-4c6e-9969-1c47c2947443,shaft.gripe,available,6.99,6.99,high,low,5,namesilo,,,
ecb1a64a-866c-4c2e-9017-d6eb628d3dac,lit.gripe,available,6.99,6.99,high,medium,3,namesilo,,,
076d4a3f-39e2-4ba7-9005-f02147104db9,thousandth.gripe,available,6.98,8.98,high,low,10,namecheap,,,
cd3a750e-9207-44be-b76b-9e8be5425571,shapeless.gripe,available,6.98,8.98,medium,low,9,namecheap,,,
9a3b41d1-7281-4bda-8f9d-425f14c4a38c,neighbor.gripe,premium,38.94,38.94,high,low,8,namesilo,,,
74588fbd-77c1-4c68-bd46-b1a9e7234d29,recommend.gripe,available,6.99,6.99,high,low,9,namesilo,,,
333b0f07-2936-4eee-8a8f-8c9903e78e15,sunhat.gripe,available,8.98,,high,low,6,namecheap,,,
2e16d03f-708f-4150-b87a-718e9fe2c869,alate.gripe,available,6.98,8.98,high,low,5,namecheap,,,
d4849f30-e351-4f82-8366-acb01b2a6877,profess.gripe,available,6.99,6.99,high,low,7,namesilo,,,
985cf306-f4a0-4e6a-a736-ab500ddd66c1,adding.gripe,available,6.99,6.99,high,low,6,namesilo,,,
886b2502-846a-4397-b12a-510ac449cb39,sandy.gripe,available,6.98,8.98,high,low,5,namecheap,,,06/08/2026 17:31
217f2822-991c-4057-acaa-8da367a71311,terminal.gripe,available,6.98,8.98,high,low,8,namecheap,,,08/09/2026 11:51
53a36d3f-c114-42a8-ae41-09656251eb94,robin.gripe,premium,242,242,high,low,5,namesilo,,,
4886fb79-fba2-471b-8f16-0bcc835e3b26,kid.gripe,premium,38.94,38.94,high,low,3,namesilo,,,
4c91111e-da30-4081-88ea-7d96ee71c678,nike.gripe,available,,,high,low,4,,,,
d6bbf84f-26b4-4377-b2e8-66b7836ac753,masculine.gripe,available,6.99,6.99,high,low,9,namesilo,,,
5de1e3af-35d3-44f0-9681-917586c17cc1,appointed.gripe,available,6.98,8.98,high,low,9,namecheap,,,06/08/2026 07:21
8fbfe7cb-3294-4fc2-b2c1-77e454b7eed0,askew.gripe,available,6.98,8.98,medium,low,5,namecheap,,,07/08/2026 03:31
aba443d8-0723-45e5-9094-2287df46a2b6,eyrie.gripe,available,6.98,8.98,high,low,5,namecheap,,,
93a92984-2861-4da3-9189-b4b0dc0b9ad4,complement.gripe,available,6.99,6.99,high,low,10,namesilo,,,
6bab7516-3285-499e-9201-d3539146087b,contrasting.gripe,available,6.99,6.99,high,low,11,namesilo,,,
6c183fac-2e6c-4af8-b482-8525a2889767,ancestor.gripe,available,6.98,8.98,high,low,8,namecheap,,,
502a06ae-4613-48e3-b34a-eeae2d4a66dc,toilet.gripe,available,6.99,6.99,high,low,6,namesilo,,,
50fdd8ff-dccc-4ee4-8ef6-10c75f07de15,rid.gripe,premium,78.54,78.54,high,low,3,namesilo,,,
1578b7af-bc54-4905-92ce-7ef55eafae59,lobby.gripe,available,6.99,6.99,high,low,5,namesilo,,,
1bb0bd3b-9465-4941-a85d-32fae5ffe970,loco.gripe,available,6.98,8.98,high,low,4,namecheap,,,06/08/2026 21:13
1e8b0f8c-e235-4c9f-ad18-9d5e3aef36f6,los.gripe,available,8.98,,high,low,3,namecheap,,,
122f83b9-fa65-459d-80ca-f5873afbd8a6,bats.gripe,available,6.98,8.98,high,low,4,namecheap,,,06/08/2026 20:31
f705135c-e3e0-4757-a827-791460cdd47d,ringed.gripe,available,6.98,8.98,high,low,6,namecheap,,,
f2b56587-47f0-4f3b-8868-9130f5b88fb6,train.gripe,available,6.99,6.99,high,low,5,namesilo,,,
57e0f485-ccde-434d-baa9-f5710ea6a2c3,fee.gripe,available,6.99,6.99,high,low,3,namesilo,,,
d4e9b060-d72a-4136-8535-d69c1857a3ac,grandad.gripe,available,8.98,,high,low,7,namecheap,,,
950cc85d-ebae-4bf3-b792-cf8af381212b,autarkic.gripe,available,6.98,8.98,medium,low,8,namecheap,,,07/08/2026 18:47
c8a455c3-4937-435b-8906-ddb93e9c6d70,extension.gripe,available,6.99,6.99,high,low,9,namesilo,,,
c895ba44-a466-4e4d-b057-8364bc9ad4e5,poker.gripe,premium,78.54,78.54,high,medium,5,namesilo,,,
515c9675-33fe-49df-a54d-ec4c54c132b7,tax.gripe,premium,78.54,78.54,high,medium,3,namesilo,,,
6751ac10-adf1-40f6-8bc5-fbf6361db6c2,primarily.gripe,available,6.99,6.99,high,low,9,namesilo,,,
d59ef41c-cc51-49fb-bd9f-6071d4611f9d,alpine.gripe,available,,,high,low,6,,,,
33aa7ec0-e101-4fdd-a4a1-1103943fec83,threadbare.gripe,available,6.98,8.98,medium,low,10,namecheap,,,08/08/2026 11:10
704b433a-2615-478a-80f5-2dfa9b59ec89,accented.gripe,available,6.98,8.98,medium,low,8,namecheap,,,
3b7a5a35-2827-45f1-86e8-1ea2c73e2a7b,adopted.gripe,available,6.98,8.98,high,low,7,namecheap,,,
36b88fd5-e90a-4bbe-903e-da5113f80049,pyramid.gripe,available,6.98,8.98,high,low,7,namecheap,,,08/09/2026 13:53
7674561c-5148-48e0-8f64-7d688f467e71,wedge.gripe,available,6.99,6.99,high,low,5,namesilo,,,
dc9014fd-98ec-46e4-93b1-46871d19b63e,london.gripe,premium,41.25,,high,medium,6,name.com,,,
19b7698c-c169-4bd7-ac4d-b9d5f8fafa1c,suspend.gripe,available,6.99,6.99,high,low,7,namesilo,,,
c1f248d7-f5c0-4177-8505-3cde7b5f6abc,stratified.gripe,available,6.98,8.98,medium,low,10,namecheap,,,09/08/2026 06:36
e5b23b6c-11b3-4004-bf05-704126f51c0c,lastly.gripe,available,8.98,,medium,low,6,namecheap,,,
d8c99113-3627-4349-8226-aa17380d8039,anarchic.gripe,available,6.98,8.98,medium,low,8,namecheap,,,
36e732e3-86d0-42c5-94ca-2fe58a22afe5,sixer.gripe,available,6.98,8.98,high,low,5,namecheap,,,
1e75807e-8c74-476a-9e83-b94b2bcf7f77,obtain.gripe,available,6.99,6.99,high,low,6,namesilo,,,
00d73656-61de-46e2-9cb1-8752931675a6,tragic.gripe,available,6.99,6.99,high,low,6,namesilo,,,
9c2baf25-87b5-4b7d-a4b3-286e219be668,anaerobic.gripe,available,6.98,8.98,medium,low,9,namecheap,,,
9a7df975-0431-40ae-9f78-d7a34c8b95cd,simpler.gripe,available,6.99,6.99,high,low,7,namesilo,,,
ceb3d16f-04f2-47c3-ad40-915b6da87dfc,comfortably.gripe,available,6.99,6.99,high,low,11,namesilo,,,
4371db1a-64d4-4ff7-94de-400d7d69a374,them.gripe,available,6.99,6.99,high,low,4,namesilo,,,
89a6711c-375b-4542-b176-32f916d834de,landing.gripe,available,6.99,6.99,high,low,7,namesilo,,,
a5d8646d-5c33-4485-9448-13b020a6c6a2,spirited.gripe,available,6.99,6.99,high,low,8,namesilo,,,
aea3eea6-fb1b-4671-bc27-4723b91d37d5,meter.gripe,available,6.99,6.99,high,low,5,namesilo,,,
33f31362-c608-4744-8901-adeb533d782c,flooded.gripe,available,6.98,8.98,high,low,7,namecheap,,,08/08/2026 00:23
c05ddd8d-177e-422f-bb9d-e3ed392c0417,wiring.gripe,available,6.99,6.99,high,low,6,namesilo,,,
cc15a010-aa56-4911-acc6-4bf2613e9577,baroque.gripe,available,6.98,8.98,high,low,7,namecheap,,,08/08/2026 20:26
3f87fbe7-6f7d-4f52-898a-ffffbbc8fe0a,affiliate.gripe,available,6.99,6.99,high,low,9,namesilo,,,
e095b603-8537-4862-9d86-9e1870894b5c,gal.gripe,available,6.99,6.99,high,low,3,namesilo,,,
fcd7be76-6aad-4525-b78e-01d8473862f4,ternion.gripe,available,6.98,8.98,medium,low,7,namecheap,,,
47397f19-9c22-47d3-9d6e-858a6c83bfeb,freeway.gripe,available,6.99,6.99,high,low,7,namesilo,,,
82997157-d6b4-442e-96ec-023bf54e05c8,standard.gripe,available,,,high,low,8,,,,
2d1dfd14-883c-46bc-ad0e-10dc0a97aa24,surfaces.gripe,available,6.99,6.99,medium,low,8,namesilo,,,
ed9b1ed9-a23f-4b46-912e-2cb751a17f18,motivate.gripe,available,6.99,6.99,high,low,8,namesilo,,,
fa084fe9-fd30-439c-8fa0-174cf59b4d4e,moving.gripe,available,6.99,6.99,high,low,6,namesilo,,,
690a7958-bb82-4185-81cb-a796250ab538,sony.gripe,available,,,high,low,4,,,,
19e88bd3-6f39-4966-aabb-2672dd9aaeaa,potbellied.gripe,available,6.98,8.98,medium,low,10,namecheap,,,
3233f7c0-3e3d-4358-8fb7-3c3611c72736,listen.gripe,premium,38.94,38.94,high,low,6,namesilo,,,
d2909344-7399-435d-a85e-385589052b1d,smartly.gripe,available,6.99,6.99,high,low,7,namesilo,,,
bb1d56c8-709f-485f-a725-360246a69a49,fog.gripe,available,6.99,6.99,high,low,3,namesilo,,,
b3c99038-d0be-4d1d-a63e-82269dcd7b5b,cane.gripe,available,6.99,6.99,high,low,4,namesilo,,,
13d320c6-3026-4ace-a6c1-aa368be3eabc,press.gripe,premium,38.94,38.94,high,low,5,namesilo,,,
3f1e7b04-c0f7-457d-8586-0632f86414bf,without.gripe,available,8.98,,high,low,7,namecheap,,,
8a81fb19-3b27-4f21-b6dd-f86f32f58d59,suspension.gripe,available,6.99,6.99,high,low,10,namesilo,,,
dea5ba5a-4254-4b37-a422-473649bb5193,entranced.gripe,available,6.98,8.98,medium,low,9,namecheap,,,09/08/2026 10:11
9e34631c-9817-445e-9ee5-3802b4e0a7a0,irritate.gripe,available,6.99,6.99,high,low,8,namesilo,,,
bdb42054-4624-40c6-9fdf-5711df8de0d0,copy.gripe,available,6.99,6.99,high,low,4,namesilo,,,
49ddc75d-608c-4123-89b4-3b921563d7a7,chew.gripe,available,6.99,6.99,high,low,4,namesilo,,,
61d3a2b2-a7f4-4475-bb31-5dd671e575a2,across.gripe,available,6.99,6.99,high,low,6,namesilo,,,
89222124-d3b8-4821-928e-07c556595096,doubter.gripe,available,6.98,8.98,high,low,7,namecheap,,,
0b84f138-b71d-433a-ba76-8b165ffa09d6,phrases.gripe,available,6.99,6.99,high,low,7,namesilo,,,
f2f66604-f182-4ef7-b4c7-415f96767d90,leaves.gripe,available,6.98,8.98,high,low,6,namecheap,,,08/09/2026 09:50
b49eaca6-a996-4924-aefa-6c2bcd387c56,nana.gripe,available,6.99,6.99,high,low,4,namesilo,,,
8c080339-12fc-4ab3-94c2-9601bf4e96a4,nonplussed.gripe,available,6.98,8.98,medium,low,10,namecheap,,,07/08/2026 10:48
d25abc72-3aaa-4897-b727-228c8b6e010c,dormant.gripe,available,6.98,8.98,high,low,7,namecheap,,,
f9facc6a-81b6-4192-9534-5ae636f65b15,monumental.gripe,available,6.99,6.99,high,low,10,namesilo,,,
3a47b319-c35a-4ea4-941a-4f64655d58fc,belgian.gripe,available,6.98,8.98,medium,low,7,namecheap,,,09/08/2026 12:51
21fd1e95-56d4-4760-8d6d-725478375013,oldest.gripe,available,6.99,6.99,high,low,6,namesilo,,,
1dfde1ec-6c1f-4130-9851-5d7834880295,trading.gripe,premium,78.54,78.54,high,low,7,namesilo,,,
6cd4f44e-6c29-448b-b4ca-08bdda0cb320,almond.gripe,available,6.99,6.99,high,low,6,namesilo,,,
3c8210a0-8ce4-44bc-bda2-6ec2d5a7c541,acre.gripe,available,6.99,6.99,high,low,4,namesilo,,,
667e7829-dea4-42b7-bc7f-37dddd88327c,multiplayer.gripe,available,6.99,6.99,high,low,11,namesilo,,,
2463dd8d-5275-4c0d-8c0f-e70e5eab555a,sciences.gripe,available,6.99,6.99,medium,low,8,namesilo,,,
9022620d-302c-4523-97b0-d543ec8c53fb,carrie.gripe,available,6.99,6.99,high,low,6,namesilo,,,
0db08fad-414d-465d-82f2-3ccde4be8c9b,sport.gripe,premium,78.54,78.54,high,low,5,namesilo,,,
e22f9d98-8cb4-4291-8f47-d2d18695b433,oddly.gripe,available,8.98,,high,low,5,namecheap,,,
6f5b68dd-604e-4580-a450-732c08d5ee84,influence.gripe,available,6.98,8.98,high,low,9,namecheap,,,08/09/2026 08:44
3844f85d-503b-4f9e-ade0-87b2ef547fd3,activating.gripe,available,6.98,8.98,high,low,10,namecheap,,,
5da36ab3-2288-46d2-9e41-a3d3fbf81d67,tours.gripe,premium,38.94,38.94,high,low,5,namesilo,,,
7a227bc1-8ccc-4227-b48a-d2fa84cd297f,avon.gripe,available,6.99,6.99,high,low,4,namesilo,,,
433aa1db-8d89-4d18-8f90-a6e88cc9c9b0,gag.gripe,available,6.99,6.99,high,low,3,namesilo,,,
f7a3bfaf-ea60-46a0-886e-3b7b0baf36c9,antithetic.gripe,available,6.98,8.98,medium,low,10,namecheap,,,05/08/2026 19:49
1b585cae-36d5-4071-a91b-9fa723c4cc1d,watt.gripe,available,6.99,6.99,high,low,4,namesilo,,,
dbe58a1b-ab2f-4c08-bbc6-3d5ad35f490e,arctic.gripe,available,6.98,8.98,high,low,6,namecheap,,,06/08/2026 16:07
562d47da-3fd2-4f8b-b13f-74e57fe560bf,clowning.gripe,available,6.99,6.99,high,low,8,namesilo,,,
5f913c40-4888-4e54-9354-b8e10bc88077,man.gripe,premium,38.94,38.94,high,low,3,namesilo,,,
b3b0b982-6270-46b8-9ebc-1095a1a87d5c,shortfall.gripe,available,6.99,6.99,high,low,9,namesilo,,,
e3b62727-51dc-4339-a797-8dd1750b8114,channel.gripe,premium,38.94,38.94,high,low,7,namesilo,,,
2fad6592-7bad-40d0-a32a-a02851bb4ea0,recognizable.gripe,available,6.99,6.99,high,low,12,namesilo,,,
d7f51216-c2cb-4205-a351-83af41a0f43d,striking.gripe,available,6.99,6.99,high,low,8,namesilo,,,
36385956-1871-49a2-b228-21b96dd02bb2,worsening.gripe,available,6.99,6.99,medium,low,9,namesilo,,,
1807bb35-9fa1-4e50-aaae-0a1e3517a0b9,diva.gripe,available,6.99,6.99,high,low,4,namesilo,,,
ab119bcf-4acc-4571-93fd-1069c34c3535,perfectly.gripe,available,6.99,6.99,high,low,9,namesilo,,,
978d1a38-fb1c-498d-9ca7-a04c24a5d8a6,attachment.gripe,available,6.99,6.99,high,low,10,namesilo,,,
2d116880-aeb7-4b17-93fa-06880a3f1f95,crackers.gripe,available,6.98,8.98,high,low,8,namecheap,,,06/08/2026 20:45
79e92bec-1252-4b79-bc0b-4f830c2d94fc,psyche.gripe,available,8.98,,high,low,6,namecheap,,,
9f919c4a-d5a5-44a7-9f5b-db9266d31655,afterwards.gripe,available,6.98,8.98,medium,low,10,namecheap,,,
32cbab9c-a387-4502-bc7d-c8870f272bd7,choc.gripe,available,6.99,6.99,high,low,4,namesilo,,,
4a966cfd-9a63-4870-92c5-317b2c952803,faith.gripe,available,6.99,6.99,high,low,5,namesilo,,,
66fa78df-03d9-4ab1-9e35-a0903d16b30c,onions.gripe,available,6.99,6.99,high,low,6,namesilo,,,
6516882d-d36d-4f00-8206-0c95a9da52ae,commercially.gripe,available,8.98,,high,low,12,namecheap,,,
0b125a12-729b-489b-9591-c8829c08fc23,grandma.gripe,available,8.98,,high,low,7,namecheap,,,
1221969f-ab73-4697-b7d4-8b625b24a6fe,together.gripe,available,6.99,6.99,high,medium,8,namesilo,,,
8c0626ce-9864-423f-a0bb-d6c9a9d02aef,cock.gripe,available,6.99,6.99,high,low,4,namesilo,,,
ae3e2e26-039e-4bd2-b759-b439b5e5b2d7,spice.gripe,available,6.99,6.99,high,low,5,namesilo,,,
9c43521d-44bb-4d23-b792-a24d0f24174b,shears.gripe,available,6.99,6.99,high,low,6,namesilo,,,
53dcbea2-9d09-439a-988e-1e17988713f0,greedy.gripe,available,6.98,8.98,high,low,6,namecheap,,,07/08/2026 22:09
c3c24e4f-8b0a-4be0-8641-9a23546e80bd,soap.gripe,available,6.99,6.99,high,low,4,namesilo,,,
3c731359-f393-4b01-a490-e4eb5a437d45,dye.gripe,premium,78.54,78.54,high,low,3,namesilo,,,
ff2e751f-3b34-4e59-ae2f-e49bfab9956b,diversity.gripe,available,6.99,6.99,high,low,9,namesilo,,,
bc411e01-f88b-40a0-8a35-9130a003f06b,bjp.gripe,available,8.98,,high,low,3,namecheap,,,
03dffe8d-565e-49b8-a3fa-7765f290c9e7,obtained.gripe,available,6.99,6.99,medium,low,8,namesilo,,,
2d16a8a7-4eed-404b-92d1-c089f04cb2e3,bowls.gripe,available,8.98,,high,low,5,namecheap,,,
a4807170-92f1-4481-9094-91a12c862cf0,lii.gripe,available,6.98,8.98,high,low,3,namecheap,,,
188bc7c5-d4b9-4eec-a25f-56e8cacfb656,require.gripe,available,6.99,6.99,high,low,7,namesilo,,,
2c4c8963-a521-4652-ac70-c2c40dab90d8,algebraic.gripe,available,6.98,8.98,high,low,9,namecheap,,,
04235437-bc81-4385-ae7b-4e33a39db279,browsing.gripe,available,6.99,6.99,high,low,8,namesilo,,,
6e7d4b65-5ec2-4c7b-bc75-914e71add248,woodsy.gripe,available,6.98,8.98,high,low,6,namecheap,,,06/08/2026 13:04
3a4152d3-17fa-4fa8-b5ed-1f39e840501d,conducting.gripe,available,6.99,6.99,high,low,10,namesilo,,,
aa0c6617-34ba-4e3e-8718-a273314260ed,forgetting.gripe,available,6.99,6.99,high,low,10,namesilo,,,
cba191b5-8509-4632-80fc-94e300f28798,provoke.gripe,available,6.99,6.99,high,low,7,namesilo,,,
c01c8ffb-de71-4d98-8b3b-566a03664e81,brook.gripe,available,8.98,,high,low,5,namecheap,,,
cbcf3bbc-b366-497a-b801-f52e0253cfbf,against.gripe,available,6.99,6.99,high,low,7,namesilo,,,
1ddf58d0-f0f9-4dfe-97d0-879a081b111b,matte.gripe,available,6.99,6.99,high,low,5,namesilo,,,
e59a19e8-8164-4400-9c42-dd4201cc676b,detour.gripe,available,6.99,6.99,high,low,6,namesilo,,,
ee18c2e9-8ab0-4793-8684-f4e00474194a,modeler.gripe,available,8.98,,high,low,7,namecheap,,,
7d14bd2b-be44-4c05-8b55-25418f1eb90a,cot.gripe,premium,78.54,78.54,high,low,3,namesilo,,,
d509cf29-e852-4825-9545-a95b8d04c9a7,barter.gripe,available,6.99,6.99,high,low,6,namesilo,,,
9843a1f9-1d20-4ec4-a51a-63c947c59015,moneyed.gripe,available,6.98,8.98,high,low,7,namecheap,,,
a862a6c4-8f4f-4250-81e8-49457ead67f6,assuring.gripe,available,6.98,8.98,medium,low,8,namecheap,,,07/08/2026 08:31
408a3eae-37c6-4e20-ba5d-75565a6825bd,bones.gripe,available,8.98,,high,low,5,namecheap,,,
86d11813-a873-4bf5-b854-19735ebe7915,idolized.gripe,available,6.98,8.98,high,low,8,namecheap,,,
8384f96f-41ec-410b-ba41-cc9fe2ae4dc4,autumn.gripe,available,6.99,6.99,high,low,6,namesilo,,,
e85692bb-6dc1-46d0-ac99-c66b9a1c0cdd,aware.gripe,available,6.99,6.99,high,low,5,namesilo,,,
16d1206d-72bb-4f7d-afc1-095989524181,camouflage.gripe,available,6.99,6.99,high,low,10,namesilo,,,
cadcd7b6-1128-457b-8a95-dba7fceb10d5,banned.gripe,available,6.98,8.98,medium,low,6,namecheap,,,08/08/2026 13:44
41456b45-4b1f-4f1f-86b0-7fcfecdfdeb6,thinking.gripe,available,6.99,6.99,high,low,8,namesilo,,,
95927ef3-1792-4468-a7f8-67115f7d188a,judges.gripe,available,8.98,,high,low,6,namecheap,,,
e1a8a781-7bb8-4cc6-abb3-738122be383f,truly.gripe,available,8.98,,high,low,5,namecheap,,,
84de66f5-3001-4695-8231-28a8604af59d,revelatory.gripe,available,6.98,8.98,high,low,10,namecheap,,,06/08/2026 00:55
b2fc0752-c085-46bd-a56e-d8f4087de353,lxxv.gripe,available,6.98,8.98,medium,low,4,namecheap,,,
b665397c-5a7d-4335-9ea2-e46678f043c2,clap.gripe,available,6.99,6.99,high,low,4,namesilo,,,
5f95a671-338e-4f80-b1de-711abea1481c,paste.gripe,available,8.98,,high,low,5,namecheap,,,
a7ddaf72-98f6-4863-8e7c-3199abada1cb,clxv.gripe,available,6.98,8.98,medium,low,4,namecheap,,,
137ab0e8-cc2a-4c00-aab9-95da583eae89,insolvent.gripe,available,6.98,8.98,medium,low,9,namecheap,,,08/08/2026 13:34
be4012ba-ed01-4478-a2bf-1a8d411d610c,suck.gripe,available,6.99,6.99,high,low,4,namesilo,,,
bba766ea-8ae0-4b94-92f9-8d09d84a13af,hercules.gripe,available,6.99,6.99,high,low,8,namesilo,,,
a81677cd-6cc9-4334-aee2-598ff5496f67,mechanic.gripe,available,6.99,6.99,high,low,8,namesilo,,,
60b66ece-1184-43a5-ac76-4e5e0d03de70,ratter.gripe,available,6.98,8.98,low,low,6,namecheap,,,06/08/2026 04:00
e980ab66-643a-4abf-b50e-fcb89e46f15e,give.gripe,available,6.99,6.99,high,low,4,namesilo,,,
161f24ac-41ac-43ae-a18f-7876ab6e3e23,aryan.gripe,available,,,high,low,5,,,,
2824ce69-d22f-4750-88aa-b6dc9f41a10c,island.gripe,available,6.99,6.99,high,low,6,namesilo,,,
20e61fef-d0a1-4105-be2f-6bd485ef19fc,alky.gripe,available,6.98,8.98,medium,low,4,namecheap,,,
b36afa7a-fd2e-472e-84b0-7bc9f4e8c62b,province.gripe,available,6.99,6.99,high,low,8,namesilo,,,
b8836319-be50-45b0-8a26-9ec41e9dbbe8,carsick.gripe,available,6.98,8.98,medium,low,7,namecheap,,,
ccf3878a-4020-41e3-8fd6-8e6b696fb498,leia.gripe,available,6.99,6.99,high,low,4,namesilo,,,
25132846-3e5e-42ac-bf3d-7a1e3e5b2f0e,detecting.gripe,available,6.99,6.99,high,low,9,namesilo,,,
0d44afa8-07d5-485e-9bcc-969568718b0c,legislative.gripe,available,6.99,6.99,high,low,11,namesilo,,,
11fa1cb9-f4ae-4692-ab95-2316e77142be,duracell.gripe,available,8.98,,high,low,8,namecheap,,,
a8dc2482-1cdd-468c-ad8f-71ef974d6f26,grandson.gripe,available,8.98,,high,low,8,namecheap,,,
317d83e5-fd49-4f47-9a22-a3285a3e2512,volume.gripe,available,6.99,6.99,high,low,6,namesilo,,,
dc17abf5-1d11-46d1-89ee-aaff67f834fd,ads.gripe,premium,38.94,38.94,high,medium,3,namesilo,,,
b17dbad1-19fe-4a5d-9d3f-fb1f100ff05d,halo.gripe,available,6.99,6.99,high,medium,4,namesilo,,,
24acb1d3-6900-45b3-8e81-c58049204fe1,bastard.gripe,available,6.98,8.98,high,low,7,namecheap,,,08/08/2026 23:19
3fd8e8a2-f5d0-46e7-ae16-eaa573f413bd,pipe.gripe,available,6.99,6.99,high,low,4,namesilo,,,
3378fee8-04f8-4d26-b300-935ebd61cd10,palestine.gripe,available,,,high,low,9,,,,
a944d3d5-4e33-4635-93e4-4431f81a1458,lyric.gripe,available,6.99,6.99,high,low,5,namesilo,,,
7bee50e7-78ef-41e5-84cd-6ede3664a69f,challenging.gripe,available,6.99,6.99,high,low,11,namesilo,,,
c8a17723-0ea1-4e77-8eb6-e748ec5bed33,transparency.gripe,available,6.99,6.99,high,low,12,namesilo,,,
21d6afc4-d3ac-4e5e-af6f-d694d36950fb,lecture.gripe,available,6.99,6.99,high,low,7,namesilo,,,
df8c84a5-3faa-4160-a3e3-3d941ee03da3,his.gripe,premium,78.54,78.54,high,low,3,namesilo,,,
b22b1c83-98a9-4e24-9f60-0623a02cab7b,mouse.gripe,available,6.99,6.99,high,low,5,namesilo,,,
158ae1af-f2f3-406a-83b2-8abee4f6597f,promise.gripe,available,6.99,6.99,high,low,7,namesilo,,,
f680c3c9-13f2-4574-a0f0-b3bb60f3bafa,kilometre.gripe,available,6.99,6.99,high,low,9,namesilo,,,
356c5bc5-576c-492f-8414-ea9b9b37c787,categorically.gripe,available,6.99,6.99,medium,low,13,namesilo,,,
dacd07d1-6c1c-44d2-bc26-9466f68107ed,idle.gripe,available,6.98,8.98,high,low,4,namecheap,,,08/08/2026 21:52
851f00ed-26c5-4ee7-b119-85ce8941e270,dingy.gripe,available,6.98,8.98,medium,low,5,namecheap,,,09/08/2026 09:20
fc26e7c2-e4c6-4dad-b68e-318c151d5587,tuesday.gripe,premium,78.54,78.54,high,low,7,namesilo,,,
8d703b16-5ec0-4eb6-bc42-4750a05e090c,gaslighter.gripe,available,6.99,6.99,medium,low,11,namesilo,,,
4104950d-e247-4575-834b-c87768d03c44,amidships.gripe,available,6.98,8.98,medium,low,9,namecheap,,,
8a040606-8fd9-402f-923c-5be11bfbc3df,rust.gripe,available,8.98,,high,low,4,namecheap,,,
7a6daa59-d5f4-4bc4-afe7-f01fdd70a8b8,showed.gripe,available,6.99,6.99,medium,low,6,namesilo,,,
31c2e950-0be9-4481-bb64-97bf66369f49,absolved.gripe,available,6.98,8.98,high,low,8,namecheap,,,
de51aab5-7b93-492f-a769-0bb8ce9c4c35,towards.gripe,available,6.99,6.99,high,low,7,namesilo,,,
ef69e110-d9df-4d00-8385-6215f154b84f,attender.gripe,available,6.98,8.98,medium,low,8,namecheap,,,07/08/2026 15:17
e9dc5ac8-cd41-48b6-93dc-d4c085ce5d73,jumping.gripe,available,6.98,8.98,high,low,7,namecheap,,,08/09/2026 06:49
4afae9f0-d8a3-4127-b4fe-e4e58f02b8d1,farmer.gripe,available,6.98,8.98,high,low,6,namecheap,,,08/09/2026 06:02
ccd74e03-fa2a-4d15-8a5b-67070ea71f90,defense.gripe,available,8.98,,high,low,7,namecheap,,,
f7456956-add2-4d9d-bafe-018c84116931,choose.gripe,available,6.99,6.99,high,low,6,namesilo,,,
0d28118e-251f-4e37-9df8-8fae6eeac594,aspirin.gripe,available,,,high,low,7,,,,
b2ad5c03-f8a8-4c83-bfde-9b5228f03073,azure.gripe,available,,,high,low,5,,,,
d1fe4978-67c2-458c-ad3c-c48bc745a9dd,complicated.gripe,available,6.99,6.99,high,low,11,namesilo,,,
9a68e2ba-3940-41f4-9933-6dfde045cb43,clustered.gripe,available,6.98,8.98,high,low,9,namecheap,,,
8b4a4bd3-8d15-42fe-9d10-9e214295090e,creatively.gripe,available,8.98,,high,low,10,namecheap,,,
f6dc58c1-adfb-4730-b822-3c71ca1dad11,reported.gripe,available,6.99,6.99,high,low,8,namesilo,,,
1857e02a-b082-4888-b011-b7eddf7afc82,prolific.gripe,available,6.99,6.99,high,low,8,namesilo,,,
dfae2174-be70-4b30-b8e5-ff16a8c627cc,unkeyed.gripe,available,6.98,8.98,low,low,7,namecheap,,,07/08/2026 13:50
afd545d7-3a7e-468b-8f38-46e1b5aa98ac,moon.gripe,available,6.99,6.99,high,medium,4,namesilo,,,
9d672b3b-0098-444a-a1a9-60b3238ec1f2,tipped.gripe,available,6.98,8.98,high,low,6,namecheap,,,07/08/2026 13:33
45854ae8-c1a1-4556-bf97-cfb206f2049a,argent.gripe,available,6.98,8.98,medium,low,6,namecheap,,,06/08/2026 17:51
9b8d07a5-93f2-433b-98db-86e08bc1c02c,anticipate.gripe,available,6.99,6.99,high,low,10,namesilo,,,
e6a9778a-1ebf-488d-a270-b71b7cc192c7,irrational.gripe,available,6.99,6.99,high,low,10,namesilo,,,
ac93cc8b-0c0e-44c6-8fbd-7bcc5ab111f8,gymnastic.gripe,available,6.98,8.98,high,low,9,namecheap,,,
8cb1673b-5fd3-4639-8bdb-4850840151b2,beads.gripe,available,6.99,6.99,high,low,5,namesilo,,,
17b86baa-c382-4b54-b08e-5f554b308171,devour.gripe,available,6.99,6.99,high,low,6,namesilo,,,
2e64b514-48cf-4616-8a53-809942e9638c,again.gripe,available,6.99,6.99,high,low,5,namesilo,,,
4e499978-3b94-4a37-92ed-3dd6ddb6cb28,wasnt.gripe,available,6.99,6.99,low,low,5,namesilo,,,
0563eccf-771f-439b-a389-fccc22d170b0,medal.gripe,available,6.99,6.99,high,low,5,namesilo,,,
4e845f9d-eb6c-4fac-bad0-4b476724e4cd,competing.gripe,available,6.99,6.99,high,low,9,namesilo,,,
9b9c4f3c-2748-4a37-ad6e-997b11975954,plus.gripe,available,6.99,6.99,high,low,4,namesilo,,,
0485eb8c-5b11-427e-b7c3-dee3702d794c,taipei.gripe,premium,78.54,78.54,high,low,6,namesilo,,,
59d8cb89-e054-4ef6-8e8b-1ea51f9848e7,armillary.gripe,available,6.98,8.98,medium,low,9,namecheap,,,06/08/2026 19:44
3e031525-be6c-469f-b1a6-f008ad05cbfb,baby.gripe,premium,78.54,78.54,high,low,4,namesilo,,,
f4ca5966-6652-47b4-a24c-901f24580032,ohio.gripe,available,6.99,6.99,high,low,4,namesilo,,,
a457bf74-1ec4-45ba-a7eb-2b43ee29cd5e,woods.gripe,premium,78.54,78.54,high,low,5,namesilo,,,
1bf3beb8-61f2-4e99-afde-fc043bb59aa9,normally.gripe,available,6.99,6.99,high,low,8,namesilo,,,
f76062e3-27f8-4793-b3de-374f444e4368,banner.gripe,available,6.98,8.98,high,low,6,namecheap,,,08/08/2026 13:53
06cdd6d0-40c6-43d7-b948-d5d6cfe16948,angulate.gripe,available,6.98,8.98,high,low,8,namecheap,,,
3c79cd21-875e-4a71-b30b-e8ed1d2bc98e,amino.gripe,available,6.98,8.98,high,low,5,namecheap,,,
5ef1b670-0173-4374-aa53-23ab0ff02251,anagram.gripe,available,6.99,6.99,high,low,7,namesilo,,,
ae56a4d3-7f2e-4597-8020-b1ea9f852790,peninsula.gripe,available,6.99,6.99,high,low,9,namesilo,,,
328985e7-39d9-4275-8d00-930f592f505e,granny.gripe,available,8.98,,high,low,6,namecheap,,,
7137fe0a-4009-42cf-a919-d220f4152758,ear.gripe,premium,38.94,38.94,high,low,3,namesilo,,,
b26ff0ee-254a-4077-8791-43d6afc4a79c,acarpelous.gripe,available,6.98,8.98,medium,low,10,namecheap,,,
7e744538-4e61-4ca7-8cf0-740acc0dbc84,brainwash.gripe,available,6.99,6.99,high,low,9,namesilo,,,
45471663-e90b-4ccc-99ca-390a893874d3,wander.gripe,available,6.99,6.99,high,low,6,namesilo,,,
4a5c9cea-27e1-4f65-98bc-0f7318d7eb2f,marked.gripe,available,6.99,6.99,high,low,6,namesilo,,,
67eade0a-c898-4f17-a9b5-f7537bde3b4a,pig.gripe,available,6.99,6.99,high,low,3,namesilo,,,
ffa9fd62-188d-4ada-95be-652778ac765a,influenced.gripe,available,6.99,6.99,high,low,10,namesilo,,,
9e7c1ced-29ac-4c18-978d-9b3b93695594,wording.gripe,available,6.99,6.99,high,low,7,namesilo,,,
6dae973f-27e3-4266-ab08-13a0519f0927,various.gripe,available,6.99,6.99,high,low,7,namesilo,,,
816c1d61-68e5-446d-bf5c-7dfc5257cf36,person.gripe,available,6.99,6.99,high,low,6,namesilo,,,
66b94880-310b-41e5-ab19-aff6f4304468,solicit.gripe,available,8.98,,high,low,7,namecheap,,,
2ac1f620-6439-4542-9e43-7364278645f6,greg.gripe,available,,,high,low,4,,,,
5dcd93ba-5032-47cc-85df-852c64d03829,broached.gripe,available,6.98,8.98,medium,low,8,namecheap,,,
b64af5e0-8907-4325-b3d2-608186ae440f,flaring.gripe,available,6.98,8.98,high,low,7,namecheap,,,
e9e6245e-fa86-43e2-ac8f-0ec9ed6983fa,stan.gripe,premium,78.54,78.54,high,low,4,namesilo,,,
192c704d-1d9d-4822-bfe4-ef1e9caa5a37,shh.gripe,available,6.99,6.99,high,low,3,namesilo,,,
35acfa63-c570-4beb-bcf8-b25bbd1cc6a1,affiliated.gripe,available,6.98,8.98,high,low,10,namecheap,,,
751f14f6-4c2b-428e-9517-e825a788ac56,buns.gripe,available,6.98,8.98,medium,low,4,namecheap,,,09/08/2026 10:54
9fdddd7c-8517-4d78-94df-9bfef6a9f56e,susan.gripe,premium,38.94,38.94,high,low,5,namesilo,,,
32430a51-0598-4295-9c33-262001384c0c,principled.gripe,available,6.99,6.99,high,low,10,namesilo,,,
c16217d8-353b-418c-b985-77a07d14eee1,tyrannical.gripe,available,6.98,8.98,medium,low,10,namecheap,,,07/08/2026 19:12
3e9f53fc-d01a-4c17-b847-4f4833f6da95,teeth.gripe,available,8.98,,high,low,5,namecheap,,,
592c7e21-d61b-4674-ae5b-2f45de134cfa,abashed.gripe,available,6.98,8.98,medium,low,7,namecheap,,,
a5f0a51f-7301-43b0-96b2-7ba4cecabeb1,hamilton.gripe,available,,,high,low,8,,,,
3a6f4baf-cc9c-43b6-86e3-ef5e24c2b65e,means.gripe,available,8.98,,high,low,5,namecheap,,,
72c5fbcd-b689-4011-a84f-eef0c0f46b2d,depress.gripe,available,6.99,6.99,high,low,7,namesilo,,,
0a16ac82-815d-4ad5-be96-a6b14dce82f2,magical.gripe,available,6.99,6.99,high,low,7,namesilo,,,
fba63ba1-bb31-46e6-8719-8282e27aac0e,steps.gripe,available,6.99,6.99,high,low,5,namesilo,,,
042556a6-2c15-41ee-b6e4-c5407ddd4f0c,renewal.gripe,available,6.99,6.99,high,low,7,namesilo,,,
3922570f-f5a4-4940-91fd-3eaa986b232a,entirety.gripe,available,6.99,6.99,high,low,8,namesilo,,,
a9f1dc92-4e2e-4b7d-bb59-32152b763412,district.gripe,available,6.99,6.99,high,low,8,namesilo,,,
1b170a02-cf4e-4751-8979-009da09b8d0b,disease.gripe,available,6.99,6.99,high,low,7,namesilo,,,
ccd8928b-a4d3-4bfe-93db-cfc0bbd74d8b,vanquish.gripe,available,6.98,8.98,high,low,8,namecheap,,,09/08/2026 05:32
f911cec4-d1aa-4482-ac83-0a5d0a22f690,withering.gripe,available,,,medium,low,9,,,,
b16e0c44-15d4-4316-96c8-cad3f3af4884,intimate.gripe,available,6.99,6.99,high,low,8,namesilo,,,
197563c6-0740-4ce0-83f8-78ca81fcb9a3,aspheric.gripe,available,6.98,8.98,medium,low,8,namecheap,,,07/08/2026 04:52
ff47702d-b7cd-4aa6-9695-534756281f46,atop.gripe,available,6.99,6.99,high,low,4,namesilo,,,
7a9f5259-7f79-4a8a-ae6e-6cdfeede18e8,else.gripe,available,6.99,6.99,high,low,4,namesilo,,,
83d71f8d-7f25-4412-8cfb-52352aa6d7da,btw.gripe,available,6.99,6.99,high,low,3,namesilo,,,
36c7a4f5-8dd5-4b49-934d-fd52f878a92c,spartacus.gripe,available,6.99,6.99,high,low,9,namesilo,,,
0ac0b8f0-3318-4d29-a10d-4cc6ef53a543,heedful.gripe,available,6.98,8.98,medium,low,7,namecheap,,,
01a99895-a3c0-4c19-8ed3-9e5d3f89887d,clam.gripe,available,6.99,6.99,high,low,4,namesilo,,,
11063e8d-0aac-4f73-a218-e24f909a1b44,families.gripe,available,6.99,6.99,medium,low,8,namesilo,,,
01c3b9c3-03ab-433b-be75-743bf5966728,acentric.gripe,available,6.98,8.98,medium,low,8,namecheap,,,
844bac06-af5e-426c-9285-233b245d6faa,barrier.gripe,available,6.99,6.99,high,low,7,namesilo,,,
99520fa1-a469-494b-926d-a5efae1ad754,fashion.gripe,premium,38.94,38.94,high,medium,7,namesilo,,,
f5c6509f-c82d-49a6-bb0c-cba7933aa3f9,awing.gripe,available,6.98,8.98,medium,low,5,namecheap,,,08/08/2026 00:34
be050999-754b-4d74-9db9-05dcd56f25eb,acknowledged.gripe,available,8.98,,high,low,12,namecheap,,,
115ac4c6-43a4-4373-9a26-c0de70689d56,affixal.gripe,available,6.98,8.98,medium,low,7,namecheap,,,
6b25460c-1f53-498f-abfd-0471b422597c,distinction.gripe,available,6.99,6.99,high,low,11,namesilo,,,
a1d81bd8-fb3e-476e-b853-05489ee166b7,radar.gripe,available,8.98,,high,low,5,namecheap,,,
efc62181-2a31-4fd2-97eb-5010893425de,perfected.gripe,available,6.99,6.99,high,low,9,namesilo,,,
df85280b-544c-4abf-9060-c5e579783919,bahrain.gripe,available,,,high,low,7,,,,
9163790c-4e60-4a9a-9dea-1f348c78a3d0,nowhere.gripe,available,6.99,6.99,high,low,7,namesilo,,,
c9425448-6dc9-43ce-ab0f-4b5996cdcd3f,enlighten.gripe,available,6.99,6.99,high,low,9,namesilo,,,
4a8b6e11-04d0-4fbf-8d79-f175a2350776,judgment.gripe,available,6.99,6.99,high,low,8,namesilo,,,
a8efe367-a885-4f44-95b7-34b94f41bdc1,seem.gripe,available,6.99,6.99,high,low,4,namesilo,,,
f1d95d3b-e3b8-4da5-ba7f-cbba3a8aa1b5,angry.gripe,available,6.98,8.98,high,low,5,namecheap,,,
f4d11412-4bf3-42e4-b3c3-cba596e56d29,quartet.gripe,available,6.98,8.98,high,low,7,namecheap,,,
f183e2bf-f093-4bb9-b0b4-5edec32419f2,shock.gripe,available,8.98,,high,low,5,namecheap,,,
ba6c2d01-4bb4-4e1a-bce7-8c8b5236020a,foursome.gripe,available,6.98,8.98,high,low,8,namecheap,,,
75e6b867-0c69-4088-b81f-361ea52ab67e,gently.gripe,available,8.98,,high,low,6,namecheap,,,
ae7e696b-26bf-41eb-815d-735d4aa28de0,bum.gripe,available,6.98,8.98,high,low,3,namecheap,,,09/08/2026 10:49
ac6611d5-a9c6-4b36-9f7f-78b3d101ba67,aside.gripe,available,6.99,6.99,high,low,5,namesilo,,,
7373aa9d-0db1-49fa-bcb0-8e7937870124,enraged.gripe,available,6.98,8.98,medium,low,7,namecheap,,,
664a0cd7-15e1-45a9-8d60-7f555a456f87,overtime.gripe,available,6.99,6.99,high,low,8,namesilo,,,
89a19614-d555-4d44-8b95-30480e1fe7e7,apneic.gripe,available,6.98,8.98,medium,low,6,namecheap,,,06/08/2026 00:40
47ddfdb0-37c3-4c05-aaa7-5cd8de800e95,perch.gripe,available,6.98,8.98,high,low,5,namecheap,,,
2ecad021-8393-4793-88ee-859d93ff4b8f,swap.gripe,available,6.99,6.99,high,low,4,namesilo,,,
7433fdc1-55bd-44d3-83a6-ecfdd73ef703,dickens.gripe,available,6.99,6.99,high,low,7,namesilo,,,
fe616e77-3377-46df-aafe-2fed7342d18b,sea.gripe,premium,78.54,78.54,high,low,3,namesilo,,,
63494ee1-deea-4567-b7cc-93db7b24339e,eaten.gripe,available,6.99,6.99,high,low,5,namesilo,,,
52015ed7-b645-408b-9b8d-3ec49ca80ab2,primer.gripe,available,6.99,6.99,high,low,6,namesilo,,,
aafc932d-853b-4121-894c-5fd5390a0907,agleam.gripe,available,6.98,8.98,medium,low,6,namecheap,,,
3823d8a6-0619-4a87-85b7-8f98881774cb,automobile.gripe,available,6.99,6.99,high,low,10,namesilo,,,
154ad4dc-6ba6-4ec9-959d-d130d2421745,assume.gripe,available,6.99,6.99,high,low,6,namesilo,,,
cb706aa2-fe6e-4d0a-8499-70f5c54894d6,shifting.gripe,available,6.99,6.99,high,low,8,namesilo,,,
b7276518-c53c-4509-88d9-ecabe20c6ca9,cxlv.gripe,available,6.98,8.98,high,low,4,namecheap,,,
cb3d59df-2754-4fb8-93ca-931f999e586c,parched.gripe,available,6.98,8.98,medium,low,7,namecheap,,,
583eda3c-d89a-4e53-9316-6f4421523a77,bets.gripe,available,6.99,6.99,high,low,4,namesilo,,,
1e58ffe5-b421-4e92-9aea-7ddc9585cbae,cabbage.gripe,available,8.98,,high,low,7,namecheap,,,
bcd7e2e6-b5e5-4aa3-a9d8-0b0be1d620ed,aligned.gripe,available,6.98,8.98,high,low,7,namecheap,,,
5cbc11dd-d7a2-4f68-be5d-8c0cc0ceb98c,accountability.gripe,available,6.99,6.99,high,low,14,namesilo,,,
c6672f5e-76e9-4f43-83f0-a29d3456c42e,often.gripe,available,8.98,,high,low,5,namecheap,,,
d660383c-b3f8-4784-a7ee-92d180543789,roots.gripe,available,6.99,6.99,high,low,5,namesilo,,,
82cb7b36-6752-4565-b57a-69cf88e9091c,friend.gripe,premium,78.54,78.54,high,low,6,namesilo,,,
b3069840-9863-4b4c-ba4d-a838e518ad9c,absolutely.gripe,available,6.99,6.99,high,low,10,namesilo,,,
a54f5d32-2312-4f3b-b84d-4780e5ea5311,beautifully.gripe,available,6.99,6.99,high,low,11,namesilo,,,
6e2d5be9-3051-4516-98ac-26216167233f,foreign.gripe,available,6.98,8.98,high,low,7,namecheap,,,
156d7972-bfae-4e7e-b052-49ea0d60d8a2,attempt.gripe,available,6.99,6.99,high,low,7,namesilo,,,
bbeb2478-69e2-43d5-8c5c-68f3bc170679,hate.gripe,available,6.99,6.99,high,low,4,namesilo,,,
ce378128-0773-441a-8910-cfe83df19f1a,clicking.gripe,available,6.99,6.99,high,low,8,namesilo,,,
aba7d745-7dd4-4a69-a5b1-66a1854f4c36,superbly.gripe,available,6.99,6.99,high,low,8,namesilo,,,
817dca61-8af5-4112-a0e1-51666b632c11,toe.gripe,available,8.98,,high,low,3,namecheap,,,
fa006833-c774-4e39-8343-025d821cc84a,policies.gripe,available,6.98,8.98,medium,low,8,namecheap,,,04/09/2026 07:55
c827f436-d61e-46ab-a14f-ce5b8dd0595a,amniotic.gripe,available,6.98,8.98,medium,low,8,namecheap,,,
acd61ada-ecbb-42ad-b867-7bc1263ceceb,ought.gripe,available,6.99,6.99,high,low,5,namesilo,,,
5422f808-d47c-4ef5-8afb-2b58809a20d4,stairs.gripe,available,6.99,6.99,high,low,6,namesilo,,,
5dcabe1d-341c-44cc-b47c-8e7e8834e760,anile.gripe,available,6.98,8.98,medium,low,5,namecheap,,,
f5832a59-fac7-4b13-a8de-36825952f573,standby.gripe,available,6.98,8.98,high,low,8,namecheap,,,10/09/2026 18:37
7c3f3b35-7b3a-410f-8c25-796894eb188c,doubt.gripe,available,6.99,6.99,high,low,5,namesilo,,,
174446df-1753-42eb-95e5-5eed7ec39d06,apiarian.gripe,available,6.98,8.98,medium,low,8,namecheap,,,05/08/2026 23:53
cf42847b-1f9b-4767-b399-60f63915d498,munich.gripe,premium,41.25,,high,low,6,name.com,,,
42b90d0d-315e-49dd-b4eb-b9451e7a2c55,lan.gripe,available,6.99,6.99,high,low,3,namesilo,,,
9c26f6d3-d37b-41ce-a53d-8b1e369773f0,club.gripe,premium,78.54,78.54,high,low,4,namesilo,,,
c7d912e8-1f73-47e8-a0c2-e735ffef7142,much.gripe,available,6.99,6.99,high,low,4,namesilo,,,
c25f723c-50a1-44ab-bafb-6867105ef9bd,antitrust.gripe,available,6.98,8.98,high,low,9,namecheap,,,
d40c859c-1fa2-4447-be86-17ab772e06b9,rookie.gripe,available,8.98,,high,low,6,namecheap,,,
284cf761-ca3d-43f2-89ab-91798855f53b,swallow.gripe,available,6.99,6.99,high,low,7,namesilo,,,
9ddad5a4-a59b-4da0-b5aa-c96e87d3d229,acherontic.gripe,available,6.98,8.98,medium,low,10,namecheap,,,
b1eb3d92-b846-4294-8036-f5ab10411380,conceal.gripe,available,6.99,6.99,high,low,7,namesilo,,,
1050839b-1592-407d-a2a7-5cfc9769ec5b,lordly.gripe,available,6.98,8.98,high,low,6,namecheap,,,07/08/2026 17:05
b0a889a8-d1d6-455c-8fe1-f70ca547b80a,intersection.gripe,available,8.98,,high,low,12,namecheap,,,
f9a069f9-6697-4a4c-91df-05284bf61740,token.gripe,available,8.98,,high,medium,5,namecheap,,,
c74cb08d-3bd7-42c3-9136-8c0b9efed3d9,alabama.gripe,available,6.99,6.99,high,low,7,namesilo,,,
2f11c4df-11eb-4393-896b-1a10f0dc73b2,banging.gripe,available,6.98,8.98,high,low,7,namecheap,,,08/08/2026 13:03
9534a1fe-4321-4005-b8e4-bfb00dc746b1,texas.gripe,available,6.99,6.99,high,medium,5,namesilo,,,
662c44d3-6506-4b01-acdb-7906eb7a2c7d,natural.gripe,available,6.98,8.98,high,low,7,namecheap,,,08/09/2026 12:12
bcf35e89-4169-4016-a4b3-52688d7125d6,rotation.gripe,available,8.98,,high,low,8,namecheap,,,
5598bbfd-de38-4324-bc48-9f36486f1370,tourist.gripe,available,6.99,6.99,high,low,7,namesilo,,,
c4992a60-8556-408a-80a2-90dbc67a1995,pure.gripe,available,6.99,6.99,high,medium,4,namesilo,,,
a1df1624-5101-4aea-94e8-aa9e8de0d333,xxvii.gripe,available,6.98,8.98,medium,low,5,namecheap,,,
cf98c64e-af5f-401e-be59-4002184ce35e,autonomic.gripe,available,6.98,8.98,high,low,9,namecheap,,,07/08/2026 20:52
463febb2-41f0-4413-bc2d-39833ae72fb1,point.gripe,available,8.98,,high,low,5,namecheap,,,
df463bc6-da38-40f1-9119-001591a0a261,anguine.gripe,available,6.98,8.98,low,low,7,namecheap,,,
063b2ac2-f745-4bdc-a029-f2f35e366bdc,crossroads.gripe,available,8.98,,high,low,10,namecheap,,,
2f3688fd-e70d-4da4-a0a7-01f38cfc68b1,speculate.gripe,available,6.99,6.99,high,low,9,namesilo,,,
2116a3db-19e5-4f83-8aa5-c9ec83502665,nearer.gripe,available,6.99,6.99,medium,low,6,namesilo,,,
5228ba78-49ad-486e-be6d-1ca0e4018bc4,year.gripe,available,6.99,6.99,high,low,4,namesilo,,,
e47ce54f-46ea-47ab-b89f-c116d4619326,vegetarian.gripe,available,6.99,6.99,high,low,10,namesilo,,,
2f6fbffe-f762-4f8c-a787-cf90e167c29d,mon.gripe,available,8.98,,high,low,3,namecheap,,,
9b3dba60-89da-4c81-b0b3-72229e25c45f,bringing.gripe,available,8.98,,high,low,8,namecheap,,,
abe2f053-b4f0-4ba0-9d23-9612c7e5557e,daddy.gripe,available,6.99,6.99,high,low,5,namesilo,,,
bb400377-314f-4f5a-8371-13ad84d8aa71,lego.gripe,available,,,high,low,4,,,,
5ce5c882-e6e2-4f42-91ca-fd3000630436,board.gripe,available,6.99,6.99,high,low,5,namesilo,,,
6b0ff3e8-4751-4bcc-8a46-1712fabf2336,accept.gripe,available,6.99,6.99,high,low,6,namesilo,,,
fe852c15-933f-4057-94af-5f60f7b5d21a,beauteous.gripe,available,6.98,8.98,medium,low,9,namecheap,,,09/08/2026 05:58
9ff59d17-7cf4-4eaf-9db8-a5e2ccc31c7e,deserter.gripe,available,6.98,8.98,medium,low,8,namecheap,,,06/08/2026 03:40
3417954c-7d4b-43fc-8728-edd3e2501842,surfer.gripe,available,8.98,,high,low,6,namecheap,,,
8dbdea60-247d-4f0d-971e-dab90ea108f3,ally.gripe,available,,,high,low,4,,,,
c703e8e6-b630-4e57-9203-87584b0436d2,violation.gripe,available,6.99,6.99,high,low,9,namesilo,,,
f24bb33d-2616-487b-8253-2e368122e420,hardworking.gripe,available,6.99,6.99,high,low,11,namesilo,,,
c3213981-c745-4433-b930-085828128ef2,alienating.gripe,available,6.98,8.98,medium,low,10,namecheap,,,
79d54955-acac-4d94-94d4-1f71c12392e6,blob.gripe,available,6.99,6.99,high,low,4,namesilo,,,
465f96b7-d8b1-4edd-84d8-4cd1aae03be6,committee.gripe,available,6.99,6.99,high,low,9,namesilo,,,
0de3130c-4e35-4245-a203-13849b6e81c9,quatern.gripe,available,6.98,8.98,medium,low,7,namecheap,,,
4306f078-6ee3-41a9-aef1-4afbb77c1e9d,perforation.gripe,available,8.98,,high,low,11,namecheap,,,
0fdf7d65-de3e-4ca1-9796-221cd80f8e2f,antidotal.gripe,available,6.98,8.98,medium,low,9,namecheap,,,
93a74df4-3fd4-4607-98d8-420ab721a34f,urgent.gripe,available,6.99,6.99,high,low,6,namesilo,,,
e0b26cea-48a7-403f-af7f-ca63130ddd23,spry.gripe,available,6.98,8.98,high,low,4,namecheap,,,
30479db6-cfe3-4c2b-ac02-5df7582b1baa,detroit.gripe,available,6.99,6.99,high,low,7,namesilo,,,
325dfaeb-5dc4-4a1e-87a0-2b781597b2d6,beaked.gripe,available,6.98,8.98,medium,low,6,namecheap,,,09/08/2026 03:50
32f43be5-64bf-4c69-88e2-9445999b9fb4,acquitted.gripe,available,6.98,8.98,high,low,9,namecheap,,,
d2378fc4-1224-4ca4-922a-8aceac2b537f,very.gripe,available,6.99,6.99,high,low,4,namesilo,,,
9ff0409e-b36c-41e9-8ff9-801e1673c591,blessing.gripe,available,6.98,8.98,high,low,8,namecheap,,,06/08/2026 09:29
e36b4b7d-b752-4b3f-b44d-f1e90138c223,singapore.gripe,available,,,high,low,9,,,,
cff9bae6-7919-4b15-a119-a7460c419597,switch.gripe,available,,,high,low,6,,,,
6a23ad2d-8034-41b1-bcb6-398f8ff0841d,radical.gripe,available,6.98,8.98,high,low,7,namecheap,,,08/08/2026 21:21
f8285a8b-b6b4-419b-bc5a-56ba0c6ff8b8,summoned.gripe,available,6.99,6.99,medium,low,8,namesilo,,,
d76e394f-8e35-4139-99f1-63bb87221c22,aleatory.gripe,available,6.98,8.98,medium,low,8,namecheap,,,
ee953c73-68a0-41e7-a4d9-58744edead4c,supervisor.gripe,available,6.99,6.99,high,low,10,namesilo,,,
3dd9bd0f-e33e-43a8-91d5-8a029920a56b,england.gripe,available,6.99,6.99,high,low,7,namesilo,,,
28fa6733-47bb-403f-aa9b-f7d3525aeebc,plaguy.gripe,available,6.98,8.98,medium,low,6,namecheap,,,
bacd425e-def6-44db-95f8-da8242e13425,whichever.gripe,available,6.99,6.99,medium,low,9,namesilo,,,
9e71c435-5cc6-409b-9007-adbd99bd6d9e,stuck.gripe,available,6.99,6.99,medium,low,5,namesilo,,,
4941b8e7-9772-43c2-a988-e39e526e006b,anodic.gripe,available,6.98,8.98,high,low,6,namecheap,,,
c5b5e37d-1c7d-402c-9310-83a3f9c0ee1b,cameraman.gripe,available,6.99,6.99,high,low,9,namesilo,,,
b846ffc0-85be-45d9-8c93-dec4469c4e31,interviewee.gripe,available,6.99,6.99,high,low,11,namesilo,,,
856b3c19-79bc-44f2-9814-1118e7fe38f0,generally.gripe,available,6.99,6.99,high,low,9,namesilo,,,
c247ac51-3629-4d87-87bc-80d29e7339dc,gusto.gripe,available,6.99,6.99,high,low,5,namesilo,,,
8d58b1a1-c605-4527-8b25-c349838a8367,annelidan.gripe,available,6.98,8.98,medium,low,9,namecheap,,,
1e626af6-5cca-49b3-a013-816d71d6c1c7,timeworn.gripe,available,6.98,8.98,medium,low,8,namecheap,,,08/08/2026 11:14
dca27ecb-15c9-4088-ab23-915bf5359973,hokey.gripe,available,6.98,8.98,medium,low,5,namecheap,,,09/08/2026 00:37
8c296c8b-f225-4a4a-adc2-c8b6331f5c8d,prioritize.gripe,available,6.99,6.99,high,low,10,namesilo,,,
711d0517-c1c8-451d-a7c5-eec44a210a4d,enwrapped.gripe,available,6.98,8.98,medium,low,9,namecheap,,,
bdc07ff6-29b9-4af9-ab9f-73d562d5d251,hexad.gripe,available,6.98,8.98,medium,low,5,namecheap,,,
ec024ef2-1845-4dfc-abb1-86cc88173621,unbearable.gripe,available,6.99,6.99,medium,low,10,namesilo,,,
445a3320-bab5-4a78-a24f-edd7ff1ee3e3,truffle.gripe,available,6.99,6.99,high,low,7,namesilo,,,
58b85f0e-62b4-47dd-82bc-d2b18971f567,duchess.gripe,available,6.99,6.99,high,low,7,namesilo,,,
86438ea4-5dc0-4d77-988d-b30bf75e8b14,intend.gripe,available,6.99,6.99,high,low,6,namesilo,,,
a8245a08-0d8d-41f4-8570-fed889b02f77,troll.gripe,available,6.99,6.99,high,low,5,namesilo,,,
bfd28287-869a-44c0-8014-c5ef457706d5,tel.gripe,premium,242,242,high,low,3,namesilo,,,
98a257fd-8f55-47c8-8daf-ed08b1a52bb1,diverted.gripe,available,6.98,8.98,medium,low,8,namecheap,,,
869862d6-166c-4092-822c-b53d5346bca5,katy.gripe,available,8.98,,high,low,4,namecheap,,,
e64969d8-f083-4e3f-b969-2cf27b07fb9b,taxation.gripe,available,6.99,6.99,high,low,8,namesilo,,,
916ca599-8284-4d4b-9d60-133779025fa3,auld.gripe,available,6.98,8.98,medium,low,4,namecheap,,,07/08/2026 17:21
b7eca6e9-a55f-4e62-8bfb-778712564761,ambulant.gripe,available,6.98,8.98,high,low,8,namecheap,,,
d07dc8ca-5bf6-4e8d-908b-c0a0cd3f6586,etch.gripe,available,6.99,6.99,high,low,4,namesilo,,,
74736806-8602-41e4-a2e2-503a31b54d2e,pesky.gripe,available,6.98,8.98,high,low,5,namecheap,,,
16f5d147-4595-47c3-a188-679dd8fd2a9d,marketplace.gripe,available,6.99,6.99,high,medium,11,namesilo,,,
5485a891-204d-4648-aed0-527eeb32727b,detestable.gripe,available,6.98,8.98,medium,low,10,namecheap,,,
f42b82b9-b3a6-4002-b4d4-bd9813d9bc5d,coordinate.gripe,available,6.98,8.98,high,low,10,namecheap,,,08/09/2026 03:35
1addf526-4430-4025-841c-cede0d620dfd,mouthcare.gripe,available,8.98,,medium,low,9,namecheap,,,
52ca126a-290b-40fa-b57e-57444afab9be,guts.gripe,available,8.98,,high,low,4,namecheap,,,
c0e64a07-0de4-4a7b-bb88-026c0df7dd75,limitation.gripe,available,6.99,6.99,medium,low,10,namesilo,,,
c1998789-c716-4676-8598-092b95c1312d,receipts.gripe,available,6.99,6.99,high,low,8,namesilo,,,
a0dcb4d9-14c1-443d-8307-debb66177118,evaluative.gripe,available,6.98,8.98,high,low,10,namecheap,,,06/08/2026 08:13
d83ea035-3045-4661-a69c-5826fed6a9d4,aramaic.gripe,available,6.98,8.98,high,low,7,namecheap,,,06/08/2026 12:13
a0c4c278-f3a1-4558-91bf-22ce626bdbe4,those.gripe,available,6.99,6.99,medium,low,5,namesilo,,,
d72ef4e7-d9ab-4edc-91d7-ff29313603af,chair.gripe,available,6.99,6.99,high,low,5,namesilo,,,
d0065b7d-9f57-47aa-8794-13bc43662ca3,agrestic.gripe,available,6.98,8.98,medium,low,8,namecheap,,,
cff9149e-8f80-4985-8ef9-53379daed3dd,nashville.gripe,available,6.99,6.99,high,low,9,namesilo,,,
a7c3c780-643f-442d-8d14-3dc3fe188fed,amuse.gripe,available,6.99,6.99,high,low,5,namesilo,,,
5e1168fc-0564-4d2b-8c38-e6629b56dd84,impulse.gripe,available,6.99,6.99,high,low,7,namesilo,,,
3fdb9228-a1a0-4b0f-9692-d6a49f243248,glinting.gripe,available,6.98,8.98,high,low,8,namecheap,,,
13a426e0-8fc3-4af6-b82c-9b59cdcabd43,float.gripe,available,6.99,6.99,high,low,5,namesilo,,,
117a45d5-f8aa-403d-962b-a01ea828cf50,somesing.gripe,available,6.99,6.99,medium,low,8,namesilo,,,
e19ade98-d336-444a-befa-b66af0939dd7,gee.gripe,premium,38.94,38.94,high,low,3,namesilo,,,
9d466d88-6c3a-4e21-afc3-2de744dd6b27,chatbot.gripe,available,6.99,6.99,high,medium,7,namesilo,,,
58d928d9-a142-4dac-ba98-c089bc381f82,concentrated.gripe,available,6.99,6.99,high,low,12,namesilo,,,
fbe2a67d-7aa5-41c0-ae8c-72a64f00b2f4,ready.gripe,available,6.99,6.99,high,low,5,namesilo,,,
0066279e-7aea-4112-bb9b-087dd2ad885a,adagio.gripe,available,6.98,8.98,high,low,6,namecheap,,,
48c98ead-db7e-445c-b960-64aa27009e8a,relieved.gripe,available,6.98,8.98,high,low,8,namecheap,,,
e994ab19-8692-49df-8a8c-43afa58096b2,replace.gripe,available,6.99,6.99,high,low,7,namesilo,,,
cd399fe1-cacd-438a-a837-fabcaf6c6565,alight.gripe,available,6.98,8.98,high,low,6,namecheap,,,
b9d3488b-1277-4cdf-b5b5-51c564a30df1,country.gripe,available,6.99,6.99,high,low,7,namesilo,,,
6932f039-2e7a-4d64-b897-5e707473d402,potential.gripe,available,6.99,6.99,high,low,9,namesilo,,,
79e781da-9c1d-41ef-8a05-94127a71cc87,strong.gripe,available,6.99,6.99,high,low,6,namesilo,,,
9f2b7e6d-3861-422e-8e38-0fdc6030389c,thing.gripe,available,6.99,6.99,high,low,5,namesilo,,,
67c846d8-4564-4bcd-a87e-de372c6a3c94,colors.gripe,available,6.99,6.99,high,low,6,namesilo,,,
bb14e48d-c6da-4de2-9b95-1825d3300235,twin.gripe,available,6.99,6.99,high,low,4,namesilo,,,
97d86560-41f8-4bfa-b007-33fda03c172c,roast.gripe,available,8.98,,high,low,5,namecheap,,,
bd9fd012-8c48-49e9-99b6-4357103e6881,kindness.gripe,available,6.99,6.99,high,low,8,namesilo,,,
d31b55e9-e214-4ef7-b9ee-e8e97c773688,wound.gripe,available,6.99,6.99,high,low,5,namesilo,,,
ff329516-08db-497a-ad70-3e9d01523566,embrace.gripe,available,6.99,6.99,high,low,7,namesilo,,,
ca135a0c-95c7-4209-8373-4593d3a08b99,agonizing.gripe,available,6.98,8.98,high,low,9,namecheap,,,
fe06de99-fd13-4c75-8921-9c39db442440,ebook.gripe,available,6.99,6.99,high,low,6,namesilo,,,
60dd8c94-015e-48f4-b37c-2e541f8a92fb,poorly.gripe,available,6.99,6.99,medium,low,6,namesilo,,,
ef8cf805-f574-48f9-8d29-a2a488df9a97,autogenous.gripe,available,6.98,8.98,medium,low,10,namecheap,,,07/08/2026 20:16
62deed6d-e7d6-4027-b570-306c5a3f2c7a,aaa.gripe,available,6.99,6.99,high,medium,3,namesilo,,,
12ba9139-51f7-41d7-90ac-238e023af29e,arbitrary.gripe,available,6.98,8.98,high,low,9,namecheap,,,06/08/2026 12:54
e93c4299-6627-4389-95a8-3fa4d243f39d,freedom.gripe,available,6.99,6.99,high,medium,7,namesilo,,,
70b8b2b7-9c8c-4409-b2fb-89bd05987fff,recording.gripe,available,6.99,6.99,high,low,9,namesilo,,,
35824248-284a-442e-9e46-faae12e39d2c,deserted.gripe,available,6.98,8.98,high,low,8,namecheap,,,
73800ec2-7beb-42d0-ad3c-3725e49bb0e0,silvery.gripe,available,6.98,8.98,high,low,7,namecheap,,,06/08/2026 17:56
3e664c21-2b57-4f24-a81b-6a2a414c8eef,wish.gripe,available,6.99,6.99,high,low,4,namesilo,,,
3075f890-b363-45ca-ba95-a1410675fde3,outback.gripe,available,6.99,6.99,high,low,7,namesilo,,,
169df98b-e240-4496-b15d-619d6944edae,seventh.gripe,available,6.98,8.98,high,low,7,namecheap,,,
affb0822-1717-4efb-a28f-da2c76c42ba5,packing.gripe,available,6.99,6.99,high,low,7,namesilo,,,
5e081dbb-c295-42bf-8a7b-9788ac0113f4,dispose.gripe,available,6.99,6.99,high,low,7,namesilo,,,
6bae63a8-3504-4a5c-80ad-df267ad5e59d,zone.gripe,available,6.99,6.99,high,low,4,namesilo,,,
862b0852-c2e4-43f4-a9fa-4bd6e2f41759,ing.gripe,premium,78.54,78.54,high,low,3,namesilo,,,
71d55d52-b714-467b-ab8e-10695b56e3ea,jewellery.gripe,available,6.99,6.99,high,low,9,namesilo,,,
d0d0be71-122d-4c88-931e-7175532ad4fb,acceptive.gripe,available,6.98,8.98,medium,low,9,namecheap,,,
adcbd351-ab05-432d-9100-97b933420aa0,agog.gripe,available,6.98,8.98,high,low,4,namecheap,,,
2ef5a7d7-7a05-4b9e-9685-1a225d72d07d,media.gripe,premium,85.8,85.8,high,medium,5,namecheap,,,
3ede28c4-0eeb-49c5-beb3-c689eb6ae842,pharmacist.gripe,available,8.98,,high,low,10,namecheap,,,
4071a31a-3fe3-482f-b80b-e7ff5324c3eb,asymmetric.gripe,available,6.98,8.98,medium,low,10,namecheap,,,07/08/2026 10:25
cb85949d-bd0b-455c-b359-54e41f3d3bf7,myspace.gripe,available,,,high,low,7,,,,
0ded6151-5ba7-47c1-830f-28041e638a39,adrenal.gripe,available,6.98,8.98,high,low,7,namecheap,,,
9ca3d3a9-3f0e-48a3-811a-3ad18c8f0e92,hands.gripe,available,6.98,8.98,high,low,5,namecheap,,,08/09/2026 04:01
f33ed94e-f761-4026-a2e0-9b07dc159ef0,des.gripe,premium,78.54,78.54,high,low,3,namesilo,,,
9b3212b4-2cdb-4dd5-be07-b1ba7921e925,google.gripe,available,,,high,medium,6,,,,
303d6561-8d3f-44de-aabc-80527ef12f14,adust.gripe,available,6.98,8.98,medium,low,5,namecheap,,,
8bf5f6d8-b022-43d7-a5f7-37e136c44922,himself.gripe,available,6.99,6.99,high,low,7,namesilo,,,
f305a754-a71c-4f48-b9ba-e95cb8de8b1a,australia.gripe,available,,,high,low,9,,,,
eea66cb4-851e-4f00-b432-c420856c1567,refine.gripe,available,6.99,6.99,high,low,6,namesilo,,,
3bc4d66d-3d59-4166-8152-3b4acb407cbe,amnionic.gripe,available,6.98,8.98,medium,low,8,namecheap,,,
a0bb0d7a-68ff-4ea7-9af7-0edffc05cf87,such.gripe,available,6.99,6.99,high,low,4,namesilo,,,
631f35d2-bf26-4b7b-91db-ad342a2324fb,united.gripe,available,8.98,,high,medium,6,namecheap,,,
a47d5292-3f88-4ae8-8de7-6abacf2d79cc,president.gripe,available,6.99,6.99,high,low,9,namesilo,,,
dee37a84-61be-4a4e-b973-a8839eee3680,medication.gripe,available,8.98,,high,low,10,namecheap,,,
cbe036d0-2d99-450d-a453-2b14519e4f0b,detest.gripe,available,6.99,6.99,medium,low,6,namesilo,,,
0e16eac9-5cd9-42bc-8eb8-b1d21abcb03d,oneself.gripe,available,6.99,6.99,high,low,7,namesilo,,,
28886812-b6cb-4d58-8362-324d2ed7fd00,standon.gripe,available,6.99,6.99,medium,low,8,namesilo,,,
bbe44580-b3b9-48b8-93f1-69588bea6d6f,privileged.gripe,available,6.99,6.99,high,low,10,namesilo,,,
f7aa4be4-bb8c-427e-9f35-a9de38384850,indorse.gripe,available,6.98,8.98,high,low,7,namecheap,,,08/08/2026 05:17
db0a8c90-fdc4-4de8-ac08-228e85701a7c,threesome.gripe,available,6.98,8.98,high,low,9,namecheap,,,
f8ababde-7d04-4879-ac2e-ddab7fb4673f,farmstand.gripe,available,6.99,6.99,high,low,10,namesilo,,,
489c7219-0771-4c0a-b24e-65c8b0341d43,alienable.gripe,available,6.98,8.98,medium,low,9,namecheap,,,
bb1e6e69-6997-4e90-a775-d9ee373f1073,lamppost.gripe,available,6.99,6.99,high,low,8,namesilo,,,
44a917e0-0528-4b13-989c-3ecbcbdfd5a2,wishing.gripe,available,6.99,6.99,high,low,7,namesilo,,,
a3463ac2-75c2-4afa-b218-0f8b18d1c26a,searching.gripe,available,6.99,6.99,high,low,9,namesilo,,,
fb15875f-f8ad-4f2b-a84a-dfe2874ac0bb,sued.gripe,available,6.99,6.99,medium,low,4,namesilo,,,
c2c9b73b-7ddb-44b0-abfe-941bf0912e59,humanlike.gripe,available,6.98,8.98,medium,low,9,namecheap,,,
61c9503f-4cae-454c-9a18-f04f5cc1f9e3,typically.gripe,available,6.99,6.99,medium,low,9,namesilo,,,
5f35d61f-354f-4d44-9f70-43c0687dee59,aleutian.gripe,available,6.98,8.98,high,low,8,namecheap,,,
02cfbe02-a58e-4244-8465-d190e4241c02,urban.gripe,available,6.99,6.99,high,low,5,namesilo,,,
57e75335-4a73-4c84-b618-becb74a76f5c,condone.gripe,available,6.99,6.99,high,low,7,namesilo,,,
2500fb31-a128-43ae-8e09-9019e5267eaf,statistics.gripe,available,8.98,,high,low,10,namecheap,,,
1a378e68-d349-440e-928d-587e592d787e,santa.gripe,available,6.99,6.99,high,low,5,namesilo,,,
8251bbfa-bd40-4a4b-b399-efcd99f072b3,cow.gripe,available,6.99,6.99,high,low,3,namesilo,,,
37e8714e-4114-47b6-9b91-deb6aeb9abbb,problem.gripe,available,6.99,6.99,high,low,7,namesilo,,,
813fd555-6075-4b8b-b270-c3bd5c5ca4e4,always.gripe,available,6.99,6.99,high,low,6,namesilo,,,
d3183d64-73fc-487a-9981-298e6c964302,finalize.gripe,available,6.99,6.99,high,low,8,namesilo,,,
bb4ae5c4-8b66-44c5-a88e-d97855324837,disagree.gripe,available,6.99,6.99,high,low,8,namesilo,,,
73f62c3b-a39b-4909-89f0-d2660de05b29,modem.gripe,available,8.98,,high,low,5,namecheap,,,
aca0b608-4e01-49a7-a70d-018637616435,andantino.gripe,available,6.98,8.98,medium,low,9,namecheap,,,
15bb0c17-624c-42ba-b8a3-15a99a7a2c7b,aft.gripe,available,6.98,8.98,high,low,3,namecheap,,,
c4ce0f19-7596-4004-a87d-90d1b3b857c1,appreciate.gripe,available,6.99,6.99,high,low,10,namesilo,,,
20f8a6ca-6eea-42cd-b17c-8499c5eab278,refresh.gripe,available,6.99,6.99,high,low,7,namesilo,,,
d20c49a0-f81d-417c-bc43-949860d1e679,blanched.gripe,available,6.98,8.98,medium,low,8,namecheap,,,07/08/2026 02:14
fcaff35b-159a-4591-897c-de293f07b7c8,czechoslovakia.gripe,available,6.99,6.99,medium,low,14,namesilo,,,
c6d280a8-e835-4c94-a6c0-eca9e570e234,neutrality.gripe,available,6.99,6.99,high,low,10,namesilo,,,
25d5339c-d0ab-4c34-b96c-b1c31641e075,structures.gripe,available,6.99,6.99,medium,low,10,namesilo,,,
1d251e05-2130-4998-a5b5-9f8e4af93b5f,hanukkah.gripe,available,6.99,6.99,high,low,8,namesilo,,,
18740ea4-7045-4089-ae62-41d287a098a9,should.gripe,available,8.98,,high,low,6,namecheap,,,
79363715-185a-46b7-a792-34556a9bf7fe,universally.gripe,available,6.99,6.99,high,low,11,namesilo,,,
30dc3f10-ba99-49b2-81dd-5c01288f5d49,nineteenth.gripe,available,6.98,8.98,high,low,10,namecheap,,,
6761884f-0c17-4167-8fb6-0bfb669eb71e,mechanical.gripe,available,6.99,6.99,high,low,10,namesilo,,,
fdf56125-af32-4235-a5f7-810c5085602f,maxim.gripe,available,6.99,6.99,high,low,5,namesilo,,,
540c2520-e672-419a-b09d-3192b256c5d3,dog.gripe,premium,82.5,,high,low,3,name.com,,,
dd866b11-803f-4eab-b6ce-927483ea5154,ages.gripe,available,6.99,6.99,medium,low,4,namesilo,,,
61bc28bf-5bcc-4ab3-961f-06aad2674e11,valuable.gripe,available,6.99,6.99,high,low,8,namesilo,,,
57b3916a-6354-4406-af72-20e1aa19125d,baffling.gripe,available,6.98,8.98,medium,low,8,namecheap,,,08/08/2026 08:02
c789d10b-25be-4cc3-8c86-b1dcd05840ee,fascinate.gripe,available,6.99,6.99,high,low,9,namesilo,,,
32e2aede-885d-42a5-8b10-179b62cbea0b,visited.gripe,available,6.99,6.99,high,low,7,namesilo,,,
1384f804-f541-4a3f-b02c-6bf7d197969a,non.gripe,available,6.99,6.99,high,low,3,namesilo,,,
68fe0fd6-9c44-4708-948f-173a72b3f9cf,involved.gripe,available,6.99,6.99,high,low,8,namesilo,,,
f8728c4b-5d46-4b51-97fe-72fa258fbb75,disgust.gripe,available,6.99,6.99,high,low,7,namesilo,,,
79ac9a36-4ddd-426b-87fc-5a51f188510b,worshipful.gripe,available,6.98,8.98,high,low,10,namecheap,,,
198410cd-6256-4b58-8f96-fd510ab5cf57,answer.gripe,available,8.98,,high,low,6,namecheap,,,
0f3bcc32-071e-4785-a0d0-c586f68b59d4,christmas.gripe,premium,78.54,78.54,high,low,9,namesilo,,,
74b0eff5-503c-4f0c-9ee4-aee11a909ddc,bundle.gripe,available,6.99,6.99,high,low,6,namesilo,,,
933caed8-d020-4cd6-a4c9-6b4d3e4ad875,boob.gripe,available,6.99,6.99,high,low,4,namesilo,,,
aa5ac091-7aa3-4d65-a21c-85da9dee8102,itchy.gripe,available,6.98,8.98,high,low,5,namecheap,,,05/08/2026 20:43
49dc5bd8-5435-4fee-8b65-bc93b137427c,airlike.gripe,available,6.98,8.98,high,low,7,namecheap,,,
36a7375c-2248-4d96-924e-d32b4f06d46d,polythene.gripe,available,6.99,6.99,high,low,9,namesilo,,,
a9c383a9-0190-4cc3-b6ee-128825a3ffde,instagrammable.gripe,available,6.99,6.99,medium,low,14,namesilo,,,
b3ad81d3-1e22-4b04-8efd-e5c704542e3c,won.gripe,premium,78.54,78.54,high,low,3,namesilo,,,
e98d6bf0-b2dc-47ff-9a0f-a02c78e88779,pies.gripe,available,6.99,6.99,medium,low,4,namesilo,,,
057e205a-cf59-4a3e-9aef-56c11436f63a,probable.gripe,available,6.99,6.99,high,low,8,namesilo,,,
69d6195f-ddac-4ff5-9903-b8006ad9cfe8,saddening.gripe,available,6.99,6.99,medium,low,9,namesilo,,,
7ee59e95-00a7-498e-ae2f-50e318292f7b,terrified.gripe,available,6.99,6.99,medium,low,9,namesilo,,,
4d1874db-3c55-43a1-adf1-c361499c99ef,notes.gripe,available,6.99,6.99,high,low,5,namesilo,,,
9571e12c-90e3-418b-a4e3-ef4a90ea7f38,circus.gripe,available,6.99,6.99,high,low,6,namesilo,,,
56a33760-720d-476f-9bb4-8474e8db4973,properties.gripe,available,6.99,6.99,high,low,10,namesilo,,,
c9d0c709-5ca9-4492-95f3-d74b943f39e4,attired.gripe,available,6.98,8.98,medium,low,7,namecheap,,,06/08/2026 04:47
1233a4ce-42d0-4cac-a4dc-a8e0b4d86826,gear.gripe,available,6.99,6.99,high,low,4,namesilo,,,
df4a4762-3872-407e-be55-0f8828aa3c6d,hall.gripe,available,6.99,6.99,high,low,4,namesilo,,,
6e963d06-4fcf-41ab-b301-8d92bc53ba8c,years.gripe,available,8.98,,high,low,5,namecheap,,,
e80a8938-936c-4087-8dde-9fcb5017ccd0,patriotic.gripe,available,6.99,6.99,high,low,9,namesilo,,,
d74600a6-c3fb-4221-a7d9-27ba8714db3e,check.gripe,available,6.98,8.98,high,medium,5,namecheap,,,04/09/2026 07:44
e8aeaf66-7ec8-4dad-9f83-418cc56a9bae,actually.gripe,available,6.99,6.99,high,low,8,namesilo,,,
8cae052c-2f5c-4e36-a88f-de2e720ef869,inexorable.gripe,available,6.98,8.98,medium,low,10,namecheap,,,
b58bd5a3-e173-4e17-a738-85f0bb5f4956,asexual.gripe,available,6.98,8.98,high,low,7,namecheap,,,07/08/2026 01:33
3dd700b9-b5e6-47c7-837a-567f941fa3b0,batty.gripe,available,6.98,8.98,medium,low,5,namecheap,,,06/08/2026 20:35
816c54ac-2996-409f-8e9c-3e35cce20025,pass.gripe,available,6.99,6.99,high,low,4,namesilo,,,
d3539d02-bef7-4729-931d-212f30b30e34,andante.gripe,available,6.98,8.98,high,low,7,namecheap,,,
9f98af63-7b3a-4ce1-9355-995334bda7d3,grungy.gripe,available,6.98,8.98,low,low,6,namecheap,,,09/08/2026 09:36
bcd51b2f-baed-4759-a6f2-645e15d9ced4,lowering.gripe,available,6.99,6.99,high,low,8,namesilo,,,
94b171df-8e97-4dc7-8e8f-d1c97c1b9bcd,actinon.gripe,available,6.98,8.98,medium,low,7,namecheap,,,
c0347156-d201-4188-8f6b-0d789dfbb63e,exercising.gripe,available,6.99,6.99,high,low,10,namesilo,,,
587b8d84-143a-4025-a287-f9d3ae9aba26,prototypic.gripe,available,6.98,8.98,medium,low,10,namecheap,,,06/08/2026 15:42
48e77710-908e-451d-8925-5029601f725b,gaffer.gripe,available,6.98,8.98,medium,low,6,namecheap,,,
96bcea56-9573-4a8f-8750-bac7bca67e8c,seized.gripe,available,8.98,,medium,low,6,namecheap,,,
cc368cbd-4424-4624-aab7-58d81cb74283,brotherhood.gripe,available,6.99,6.99,high,low,11,namesilo,,,
cfb6fd58-582c-444b-aa1b-bca070ecb635,alimental.gripe,available,6.98,8.98,medium,low,9,namecheap,,,
58f3b3cf-18b2-44e8-861e-8543d7d0ee76,introduced.gripe,available,6.99,6.99,high,low,10,namesilo,,,
3c46166e-7ec1-4d01-8878-ce3e59c57a3b,dorsum.gripe,available,6.98,8.98,high,low,6,namecheap,,,08/08/2026 05:12
4c20f5e3-28b2-47dd-b65d-7f339c2cd4f7,frog.gripe,available,,,high,low,4,,,,
4b7ccdc2-09b4-44b1-b73e-18df6d2cf966,poisoning.gripe,available,6.99,6.99,high,low,9,namesilo,,,
5be9f142-e088-4e78-b9a4-cd87db88748e,illuminated.gripe,available,6.99,6.99,high,low,11,namesilo,,,
a71c93c5-a38a-409c-a441-4943c4627300,hangout.gripe,available,6.99,6.99,high,low,8,namesilo,,,
2ca05275-3de8-472e-b984-8b02931f5b85,affirmable.gripe,available,6.98,8.98,high,low,10,namecheap,,,
fcf8629c-5f16-480d-a6f5-52da32f6fddc,nettled.gripe,available,6.98,8.98,medium,low,7,namecheap,,,
b0c0b4c5-4412-423a-81e2-ef3e276f578c,use.gripe,premium,38.94,38.94,high,low,3,namesilo,,,
2d51c5ee-fd27-4c58-83cf-31b018227266,secluded.gripe,available,6.99,6.99,high,low,8,namesilo,,,
0d14a46a-9212-4736-adce-677addeff231,lettuce.gripe,available,8.98,,high,low,7,namecheap,,,
6a80121a-582d-4d5e-8225-de2dfdd3e00c,stewart.gripe,premium,38.94,38.94,high,low,7,namesilo,,,
dea22ca0-4738-49b7-98c7-5d3467eb1432,tweet.gripe,available,6.99,6.99,high,low,5,namesilo,,,
1fa92a7d-4da8-4592-9653-81a8d96b4545,organized.gripe,available,6.99,6.99,high,low,9,namesilo,,,
e3d6823b-765a-44a1-a4cf-8733d40d4dd5,closely.gripe,available,6.99,6.99,high,low,7,namesilo,,,
d4e511fa-1fd9-47f1-a661-2bfbd40fc48a,stock.gripe,premium,85.8,85.8,high,medium,5,namecheap,,,
969bfd86-53bd-4d67-b80c-27199fe18342,ssi.gripe,available,6.99,6.99,high,low,3,namesilo,,,
f13bc0cb-11f3-4743-a1e4-9d4e12a46500,bellbottom.gripe,available,6.98,8.98,low,low,10,namecheap,,,09/08/2026 13:21
3e166936-1be1-4720-aa85-56f7b68ef2bd,scheme.gripe,available,6.99,6.99,high,low,6,namesilo,,,
0698e73b-884a-4423-aad4-156e70383f76,beige.gripe,available,6.98,8.98,high,low,5,namecheap,,,09/08/2026 12:22
ffec6689-4917-46fe-a415-1f399cfb1e6c,thirteenth.gripe,available,6.98,8.98,high,low,10,namecheap,,,
6b63c651-1b8c-48c8-b6bd-17ba6988e646,debt.gripe,available,8.98,,high,low,4,namecheap,,,
160f8cb1-3087-4609-acc9-15c223b04974,abominable.gripe,available,6.98,8.98,medium,low,10,namecheap,,,
c65ab118-e308-47e3-83d2-5c659b99aae6,conquer.gripe,available,6.99,6.99,high,low,7,namesilo,,,
356d42df-a500-4029-abfd-a853b9569f55,pending.gripe,available,6.99,6.99,high,low,7,namesilo,,,
be3c3db4-6b2e-42ba-90fa-48b773c38e44,eighth.gripe,available,6.98,8.98,high,low,6,namecheap,,,
95c768ff-0893-41fd-a668-f6a20de7dd77,ablaze.gripe,available,6.98,8.98,high,low,6,namecheap,,,
b30207f1-0cff-4819-935c-6048e09315f0,wheezy.gripe,available,6.98,8.98,medium,low,6,namecheap,,,07/08/2026 09:31
bb32fb1b-165d-4150-b169-e0779e0956ac,aids.gripe,available,6.99,6.99,high,low,4,namesilo,,,
9fa2e869-2a07-46b8-8e28-bbf1ed7141c3,camo.gripe,available,6.99,6.99,high,low,4,namesilo,,,
a09bdf72-d192-471a-bfb5-ca31a718dbcd,advice.gripe,available,6.99,6.99,high,low,6,namesilo,,,
b7418aa6-87cf-47b3-beff-849c6fbf9a8d,seeds.gripe,available,8.98,,high,low,5,namecheap,,,
c165f270-0b99-4c3a-968c-5aff5f092f60,matisse.gripe,available,6.99,6.99,high,low,7,namesilo,,,
e7eb0d08-a996-484b-a821-9b815f48c46a,husband.gripe,available,6.99,6.99,high,low,7,namesilo,,,
a5fc3c91-fa84-4975-9976-77e37de27a74,beforehand.gripe,available,6.98,8.98,medium,low,10,namecheap,,,09/08/2026 08:51
610a9420-362e-40e4-8453-bd2164d5a64d,angled.gripe,available,6.98,8.98,high,low,6,namecheap,,,
fb710a4e-d8bc-4a4c-a328-16161fc35249,alliaceous.gripe,available,6.98,8.98,medium,low,10,namecheap,,,
e79b3144-d9e7-42aa-a007-65abeb7c7625,streamer.gripe,available,6.98,8.98,high,low,8,namecheap,,,08/08/2026 13:57
ed88d079-c6d9-4d32-85e0-9ca3fa3c2632,abbatial.gripe,available,6.98,8.98,medium,low,8,namecheap,,,
7e92eae5-6d51-4338-ace2-c7312114369b,corruption.gripe,premium,78.54,78.54,high,low,10,namesilo,,,
e683af97-7216-4697-8eab-2903a5a22f45,antisocial.gripe,available,6.98,8.98,high,low,10,namecheap,,,05/08/2026 19:39
94728230-2480-4812-a104-5eee5ee42a57,hero.gripe,available,8.98,,high,medium,4,namecheap,,,
4878e9a4-3326-4aef-a6fd-3bcb35c059c3,diploma.gripe,available,6.99,6.99,high,low,7,namesilo,,,
ad8ef4a1-6b2c-4e44-9108-8447b953b5a2,disturb.gripe,available,6.99,6.99,high,low,7,namesilo,,,
76f99fd9-26b8-4f3e-9a2c-4a3aadff3f4f,highway.gripe,available,6.99,6.99,high,low,7,namesilo,,,
96c4c8f5-1548-4222-bb2c-d346072eaa05,kidney.gripe,available,6.99,6.99,high,low,6,namesilo,,,
aa699a4a-88ca-435c-9ec8-cc088c8698b1,behave.gripe,available,6.99,6.99,high,low,6,namesilo,,,
ef41f984-20ec-449b-9561-996d4828f7c3,boot.gripe,available,6.99,6.99,high,low,4,namesilo,,,
39908d0a-b5d7-485a-ac00-5cb6c1ceb27b,acne.gripe,available,6.99,6.99,high,low,4,namesilo,,,
98fcd0d4-a13f-4d12-b938-fa79db0707b1,absorbent.gripe,available,6.98,8.98,high,low,9,namecheap,,,
db758bf8-d0eb-4694-a017-d189d077223d,tortured.gripe,available,6.98,8.98,medium,low,8,namecheap,,,
f270a914-bdf5-41ab-81d6-d5558314c265,notion.gripe,available,6.99,6.99,high,low,6,namesilo,,,
81669be2-d55e-490b-b439-e9ff629d74c9,distribute.gripe,available,6.99,6.99,high,low,10,namesilo,,,
60ef0912-cd26-4d7c-96da-dc9e5a904079,money.gripe,premium,82.5,,high,medium,5,name.com,,,
19807c1a-f875-40d8-91f7-4e2d41e6a80c,ive.gripe,available,6.99,6.99,medium,low,3,namesilo,,,
ca967bf6-8cc8-430d-b39d-4f10c6efbacd,washing.gripe,available,6.99,6.99,high,low,7,namesilo,,,
e6b27653-fb83-429a-af89-d9859c94e6c7,velocity.gripe,available,6.99,6.99,high,low,8,namesilo,,,
aeb56f51-ad13-4b43-82c5-03a5d475cf47,divers.gripe,available,6.99,6.99,high,low,6,namesilo,,,
fd305019-fd3e-4d05-b791-2e05491deaaa,tomato.gripe,available,6.99,6.99,high,low,6,namesilo,,,
efb94ad3-2fdc-4612-861a-0e817a6e10b4,augean.gripe,available,6.98,8.98,medium,low,6,namecheap,,,07/08/2026 16:54
ef28cf51-70c0-4798-859a-9c0015620348,swerve.gripe,available,6.99,6.99,high,low,6,namesilo,,,
a4738d2a-adb4-4e03-a40f-8f7837bbb565,advantage.gripe,available,6.99,6.99,high,low,9,namesilo,,,
3508a4b0-72d9-45aa-8412-95d35416c34c,returning.gripe,available,8.98,,high,low,9,namecheap,,,
c2d642a6-5940-489f-a8b1-6122f68f4751,hence.gripe,available,8.98,,high,low,5,namecheap,,,
a69caa05-d190-4bac-99e9-8d180be89743,monday.gripe,available,6.99,6.99,high,low,6,namesilo,,,
fb71c0dd-61b1-4e88-8bc5-f1d91d65d884,wholly.gripe,available,6.98,8.98,high,low,6,namecheap,,,
a24b5575-e731-4db5-89de-d713bfcc1017,muffin.gripe,available,8.98,,high,low,6,namecheap,,,
c1f82acf-8dd5-4431-972c-e250cd07ac59,abeyant.gripe,available,6.98,8.98,medium,low,7,namecheap,,,
231cd69c-9a3a-464a-b906-ff15193098f7,destiny.gripe,available,6.99,6.99,high,low,7,namesilo,,,
96af8b14-ef20-4eb9-a8d3-edd293aedf19,lxxvii.gripe,available,6.98,8.98,medium,low,6,namecheap,,,
744389bf-b6d4-45c6-9c0d-52b22010c3da,restriction.gripe,available,6.99,6.99,high,low,11,namesilo,,,
1c6863a1-99d8-473c-bbb3-54134a116efc,organ.gripe,available,6.99,6.99,high,low,5,namesilo,,,
9c9fe64b-df30-427e-a22d-c958870d5c0a,care.gripe,premium,42.9,42.9,high,low,4,namecheap,,,
5ccb5cef-5599-43ef-b711-bb80269ef85c,xlv.gripe,available,6.98,8.98,high,low,3,namecheap,,,
342ce0e5-3730-4d3b-9873-3a3d1e29134c,balance.gripe,available,6.99,6.99,high,low,7,namesilo,,,
72002130-68ed-4d48-b506-19480a677913,revelation.gripe,available,8.98,,high,low,10,namecheap,,,
84f3127d-daf9-4072-a83f-fc2b332b827b,saturday.gripe,available,6.99,6.99,high,low,8,namesilo,,,
46c870b3-94fb-4c1f-91f8-54475ba78e2c,traffic.gripe,available,8.98,,high,low,7,namecheap,,,
0d4f6bd6-340f-40b0-8e6d-508ac90c1559,afternoon.gripe,available,6.99,6.99,high,low,9,namesilo,,,
46c681e9-b754-4c64-992b-3ec660bb02fc,baptized.gripe,available,6.98,8.98,high,low,8,namecheap,,,08/08/2026 14:55
0c23d4e3-f67d-4393-bd1b-244af326d4d0,planning.gripe,available,6.99,6.99,high,low,8,namesilo,,,
26b878a2-7a66-4217-be76-6081c416d989,menu.gripe,premium,85.8,85.8,high,low,4,namecheap,,,
48980b39-5ac9-4e26-8ff4-89ea1d52504f,instead.gripe,available,6.99,6.99,high,low,7,namesilo,,,
e9e3e7f5-2ed1-4c9b-bd27-6d0fdb3903af,stormy.gripe,available,6.99,6.99,high,low,6,namesilo,,,
cb8d34b4-6816-4339-9213-3eafd64ecd02,tahoe.gripe,available,6.99,6.99,high,low,5,namesilo,,,
f27ea5a0-6d8d-4d1b-bcd6-a37e89f14e1c,motley.gripe,available,6.98,8.98,medium,low,6,namecheap,,,07/08/2026 07:29
a9e3254a-244c-4b5d-a741-a1f16864096a,torn.gripe,available,6.99,6.99,high,low,4,namesilo,,,
d76f21e6-101e-4d2e-bb92-8c8afdab0614,result.gripe,available,6.99,6.99,high,low,6,namesilo,,,
63d66bde-9595-4d5a-9988-332a81b5b61d,artwork.gripe,available,6.99,6.99,high,low,7,namesilo,,,
94dba4d3-8453-49dd-9419-26daf1e783df,credible.gripe,available,6.98,8.98,high,low,8,namecheap,,,09/08/2026 12:56
c1cabffa-f05c-4080-8645-5a5b67ea2f21,jelly.gripe,available,6.99,6.99,high,low,5,namesilo,,,
210f5629-5310-4c2d-a27b-63d497030df1,xxxvii.gripe,available,6.98,8.98,medium,low,6,namecheap,,,
d787114f-97ed-4a8a-b486-463136e2b52d,earn.gripe,available,8.98,,high,low,4,namecheap,,,
b7c5acae-c0b3-4a48-8c96-541beec11d0f,retire.gripe,available,6.99,6.99,high,low,6,namesilo,,,
4f2335d1-5619-4c19-8df9-2ab5fb52390e,stepmother.gripe,available,8.98,,high,low,10,namecheap,,,
8f4ec0ce-d892-46c4-a749-9043d0bf800a,unlike.gripe,available,6.99,6.99,high,low,6,namesilo,,,
29990919-7f02-49f2-b325-1498a8babacf,gregorio.gripe,available,6.99,6.99,high,low,8,namesilo,,,
9e376680-d8b0-48a2-ae20-f7b5f7d3725c,mission.gripe,available,6.99,6.99,high,medium,7,namesilo,,,
facba48e-f880-44f4-ae60-a794ea252aff,amort.gripe,available,6.98,8.98,medium,low,5,namecheap,,,
4b00449b-af4d-4e41-a4d4-55ff8367cc0d,leak.gripe,available,6.99,6.99,high,low,4,namesilo,,,
18f1a41b-587b-4e15-b861-d38c1643f396,allow.gripe,available,6.98,8.98,high,low,5,namecheap,,,06/08/2026 09:03
63730fdd-9ec8-4411-bdce-2cfc922ce841,leader.gripe,available,6.99,6.99,high,low,6,namesilo,,,
ec6eca1c-8c81-4c57-b9c4-2f6fa41eea15,oxford.gripe,available,6.99,6.99,high,low,6,namesilo,,,
2e96ed97-0be2-422c-97db-c0b81dae7e5c,began.gripe,available,6.99,6.99,medium,low,5,namesilo,,,
fa0be752-9cfc-414c-8850-88f7a0f8764c,thought.gripe,available,6.99,6.99,high,low,7,namesilo,,,
38a6cd50-2c7f-4907-aea1-05d2e78b2d3c,piper.gripe,available,6.99,6.99,high,low,5,namesilo,,,
7ede5257-947f-47b2-84b1-85074cb0b43f,hug.gripe,available,6.99,6.99,high,low,3,namesilo,,,
b88ffbd4-83db-49d0-8b64-9d9605ff42b2,details.gripe,available,6.99,6.99,high,low,7,namesilo,,,
c70dbd8b-2ac7-4c0d-ac31-9c63dc7db0cc,acuate.gripe,available,6.98,8.98,medium,low,6,namecheap,,,
e23bbfcb-4131-4f62-8043-eb24035f0fa8,nerd.gripe,available,8.98,,high,medium,4,namecheap,,,
51b218ef-b161-47dd-a826-95351e6ff804,pompom.gripe,available,6.98,8.98,high,low,7,namecheap,,,
1cab3bc5-9b6a-4688-a297-838c52fc28b3,fruity.gripe,available,6.98,8.98,high,low,6,namecheap,,,06/08/2026 21:00
56cd9d60-92fc-4ff4-89b5-5197431d8413,seen.gripe,available,6.99,6.99,high,low,4,namesilo,,,
c8e84b45-5d5d-4dd5-973e-a549bac32759,ounce.gripe,available,8.98,,high,low,5,namecheap,,,
97721411-2ab0-48e7-a6ad-370eb154d6d4,unveil.gripe,available,6.99,6.99,high,low,6,namesilo,,,
98ad9b8e-a8aa-45a9-ae7e-a5f47ce62af2,albinotic.gripe,available,6.98,8.98,medium,low,9,namecheap,,,
7d36fca3-a443-4378-b9cc-dfa9dde2387a,soldiers.gripe,available,6.99,6.99,medium,low,8,namesilo,,,
f9854379-08bd-4a47-83fa-eb7940b2c136,scripted.gripe,available,6.99,6.99,high,low,8,namesilo,,,
bbf452d4-525e-4584-90fc-31851c5361a2,spoon.gripe,available,6.99,6.99,high,low,5,namesilo,,,
b608fa97-d0b3-47c7-ae92-83f23a67fd36,broadly.gripe,available,6.99,6.99,high,low,7,namesilo,,,
d43493e9-1fd2-47f5-aebb-8addee5fff91,squat.gripe,available,6.99,6.99,high,low,5,namesilo,,,
fdec05f4-82fb-493c-be95-913745eb3257,fairs.gripe,available,6.99,6.99,high,low,5,namesilo,,,
9a15fd65-f8c8-476f-a6bb-603d10cd4f6a,engagement.gripe,available,6.99,6.99,high,low,10,namesilo,,,
270a72fe-c6fa-4b21-b141-2fe4d5c91433,depression.gripe,available,6.99,6.99,medium,low,10,namesilo,,,
335e0bb2-3094-45cf-9c3c-502ded6e927f,painted.gripe,available,6.99,6.99,high,low,7,namesilo,,,
6f0ef598-4154-4a62-b9d0-33a7075e306d,relation.gripe,available,6.99,6.99,high,low,8,namesilo,,,
a18eca8c-49f6-4319-a323-a68d0895a7b4,lightweight.gripe,available,6.99,6.99,high,low,11,namesilo,,,
cbfd636f-682f-432c-ae3a-678b6b61be28,deposits.gripe,available,6.99,6.99,medium,low,8,namesilo,,,
0d383814-c04c-48d9-807b-2264f0bb1663,bardic.gripe,available,6.98,8.98,medium,low,6,namecheap,,,08/08/2026 18:00
958029bc-26bf-4b9e-aa83-194a23fd6ab4,haircut.gripe,available,8.98,,high,low,7,namecheap,,,
ee317a91-6f7a-4230-bf3d-5d780957dd10,god.gripe,premium,78.54,78.54,high,medium,3,namesilo,,,
5189a775-9c3d-48b8-b374-74bb994a49a8,allusive.gripe,available,6.98,8.98,high,low,8,namecheap,,,
6335b3ce-6669-4570-8b50-de1570839904,bearable.gripe,available,6.98,8.98,medium,low,8,namecheap,,,09/08/2026 04:27
bfd2ca03-5435-44ed-b9f3-3c96ffdc893e,keep.gripe,available,8.98,,high,low,4,namecheap,,,
6a848116-e1ed-4e1d-aff8-a8cc49e9a243,feels.gripe,available,6.99,6.99,high,low,5,namesilo,,,
7985e109-8e0c-43c7-bfcb-c60078c56f38,wired.gripe,available,6.99,6.99,high,low,5,namesilo,,,
fe7fccae-ee0d-4a3c-a20f-46d24d44729d,ascendent.gripe,available,6.98,8.98,medium,low,9,namecheap,,,
9bd4faea-0087-4800-a8b9-f92f597b8dba,detective.gripe,available,6.99,6.99,high,low,9,namesilo,,,
a8127c2c-1636-4ad7-9000-d9ecf02250d3,cast.gripe,available,6.99,6.99,high,low,4,namesilo,,,
fdffc33f-ca2f-4503-a56c-333da3fb85fb,california.gripe,premium,38.94,38.94,high,low,10,namesilo,,,
9247ea43-f5d0-48bd-b1b5-f71d050d0d7e,mom.gripe,premium,78.54,78.54,high,low,3,namesilo,,,
30fb8d72-d53b-4aa8-ba9c-5f54eb339b27,florid.gripe,available,6.98,8.98,medium,low,6,namecheap,,,07/08/2026 17:26
af0770a1-fff1-4464-a32f-e5ba77d351cb,uncommitted.gripe,available,6.99,6.99,high,low,11,namesilo,,,
843146d3-1d36-45f1-a57b-204786dd866e,lust.gripe,available,6.99,6.99,high,low,4,namesilo,,,
cf901d9d-7457-416c-bea3-080d8e4d7314,issue.gripe,available,6.99,6.99,high,low,5,namesilo,,,
987bfc98-cff0-450d-b906-35012ad5a829,perspective.gripe,available,6.99,6.99,high,low,11,namesilo,,,
6b1937e4-4d11-40e8-993f-7fc77e0ed5d9,lips.gripe,available,8.98,,high,low,4,namecheap,,,
4a54a267-4908-4ef3-a078-2e87ed8dd9b9,puzzled.gripe,available,6.98,8.98,high,low,7,namecheap,,,07/08/2026 10:53
5213e165-bd37-4e34-884f-bce04e16bad2,arm.gripe,available,,,high,low,3,,,,
d113bafd-350e-4895-9883-c69d9927d88a,operose.gripe,available,6.98,8.98,medium,low,7,namecheap,,,06/08/2026 17:05
161591f4-41a4-4cb8-8936-1677862c998f,panasonic.gripe,available,,,high,low,9,,,,
b03df392-7f3f-4a3d-bae8-d4d6ddc88d7c,neglect.gripe,available,6.99,6.99,high,low,7,namesilo,,,
339e3054-fd40-4b3d-aeed-4a8039ead3a8,humane.gripe,available,6.99,6.99,high,low,6,namesilo,,,
dd3c77da-27e2-4dd1-976d-e3e6d2d6d77d,abrasive.gripe,available,6.98,8.98,high,low,8,namecheap,,,
5c557bfd-8cde-4572-bd30-3e18fc64aad5,provoking.gripe,available,6.98,8.98,high,low,9,namecheap,,,
f26f5287-a3a2-4e09-b6e4-7fab465685f0,label.gripe,available,6.99,6.99,high,low,5,namesilo,,,
85f22e14-9b62-40e5-811a-5b486f2c2f40,diabetes.gripe,premium,78.54,78.54,high,low,8,namesilo,,,
1b238c54-3115-41d4-b99f-1ec138855894,informing.gripe,available,6.99,6.99,high,low,9,namesilo,,,
77a7f072-38c8-42e6-8051-6960c6d03545,rarefy.gripe,available,6.98,8.98,medium,low,6,namecheap,,,07/08/2026 15:31
f6746600-b230-4c19-ae64-22ef4016e364,fleshly.gripe,available,6.98,8.98,medium,low,7,namecheap,,,
a16f3df0-2bed-46ec-a616-48c9fcbba4a0,upstart.gripe,available,6.99,6.99,high,low,7,namesilo,,,
20ca94e6-a451-4749-815b-e59c126eca17,pink.gripe,premium,78.54,78.54,high,low,4,namesilo,,,
a76eb72c-e372-4fa5-b05f-a3a8ce38d9b4,ironic.gripe,available,6.99,6.99,high,low,6,namesilo,,,
ed0bd835-530c-46a7-8599-b4a4119cf640,westminster.gripe,available,6.99,6.99,high,low,11,namesilo,,,
4514c444-89dd-40ad-914e-511dceca11e5,pleased.gripe,available,6.99,6.99,high,low,7,namesilo,,,
8f1bc08b-d01e-4639-9db5-dbc9a8013c18,feet.gripe,available,6.99,6.99,high,low,4,namesilo,,,
f5cd0ce4-a2b6-4b2b-a808-7eb6342f856c,incline.gripe,available,6.99,6.99,high,low,7,namesilo,,,
b6969394-b586-4010-9eaa-1ac9c9c570cb,stately.gripe,available,6.98,8.98,high,low,7,namecheap,,,08/08/2026 20:22
69650ed1-0c58-4e17-96b5-953882702473,contempt.gripe,available,6.99,6.99,medium,low,8,namesilo,,,
50245690-1ce2-47b0-9b45-59814c2ebcb9,ascetic.gripe,available,6.98,8.98,high,low,7,namecheap,,,07/08/2026 00:56
ca56c0db-6b14-4b95-8f17-15b326091f52,arboreal.gripe,available,6.98,8.98,high,low,8,namecheap,,,06/08/2026 13:18
870ef684-d65e-4c7c-a4ce-788f275719a3,resonating.gripe,available,6.99,6.99,high,low,10,namesilo,,,
dabaef99-fc46-4a6d-900f-c8d03a94e14d,antebellum.gripe,available,6.98,8.98,medium,low,10,namecheap,,,
0cdd82e0-f519-41e2-8fb4-e7a257311bef,impact.gripe,available,,,high,low,6,,,,
d5aa872b-1994-482b-9e37-43b4ef001598,clearly.gripe,available,6.99,6.99,high,low,7,namesilo,,,
53e77bfa-07c2-4e90-8b90-afdee5b636ed,stygian.gripe,available,6.98,8.98,medium,low,7,namecheap,,,
f284b84c-499a-411b-9e92-f8c018fa330c,pray.gripe,available,6.99,6.99,high,low,4,namesilo,,,
6e46747e-ac7b-43ea-a759-2813e19b4edc,commenting.gripe,available,8.98,,high,low,10,namecheap,,,
20617adc-c495-4688-b293-44496c234648,acrid.gripe,available,6.98,8.98,medium,low,5,namecheap,,,
31588c32-57cd-4ffc-bb6d-7b9d109e47e4,indate.gripe,available,6.99,6.99,medium,low,7,namesilo,,,
a2d2fb22-a3c0-48e4-a8e8-6da56a2fbaf3,ablative.gripe,available,6.98,8.98,high,low,8,namecheap,,,
a67f70e0-66b0-4b62-b540-5f1cb6af07cb,condolences.gripe,available,6.99,6.99,high,low,11,namesilo,,,
d3170606-febe-4396-9e79-6209ae20a334,hammer.gripe,available,6.99,6.99,high,low,6,namesilo,,,
446f8ca0-68f0-42fb-8925-049b28c90c1c,illegal.gripe,available,6.99,6.99,high,low,7,namesilo,,,
20add4db-1c5f-456a-83fa-58abe18d281b,salary.gripe,available,6.99,6.99,high,low,6,namesilo,,,
3b2984c5-7c6c-4a8e-9870-871b8b783c85,top.gripe,premium,41.25,,high,medium,3,name.com,,,
95471fa0-a7a3-43d1-9034-47e65a10898b,intrigue.gripe,available,6.99,6.99,high,low,8,namesilo,,,
61ca84c9-a1f3-442f-8846-a9469e187245,success.gripe,available,6.99,6.99,high,low,7,namesilo,,,
2e194555-337c-4e9b-8269-ac3fc381f8e6,jewel.gripe,available,6.99,6.99,high,low,5,namesilo,,,
6d24db0f-e1f8-485c-a8d9-562fd84e1f43,chanukah.gripe,available,6.99,6.99,high,low,8,namesilo,,,
8d6a93ed-4b24-459d-844f-c3d2213977d1,primary.gripe,available,6.99,6.99,high,low,7,namesilo,,,
7955c129-6c7d-47b3-8657-c4c43fe6a78d,everbody.gripe,available,6.99,6.99,medium,low,8,namesilo,,,
b14a48f2-f4ba-42ac-8e2a-e6b4fc03d677,stillborn.gripe,available,6.98,8.98,high,low,9,namecheap,,,
65a002e1-4bcf-4b49-8479-c1cdba62cb52,sworn.gripe,available,6.99,6.99,high,low,5,namesilo,,,
cb3a779d-632a-4d54-abc8-73e91ea643a7,relations.gripe,available,6.99,6.99,high,low,9,namesilo,,,
78a7507d-cf1f-430d-ad53-7c6e6105494d,dismay.gripe,available,6.99,6.99,high,low,6,namesilo,,,
a95babf0-0de9-457c-b078-eca148e2a690,atomistic.gripe,available,6.98,8.98,low,low,9,namecheap,,,07/08/2026 13:42
099c2e95-ba19-47e5-b11e-51b534647519,patient.gripe,available,6.99,6.99,high,low,7,namesilo,,,
516792bd-86f4-4696-b140-5e0368413931,darken.gripe,available,6.99,6.99,high,low,6,namesilo,,,
9c0cf94d-21ca-4cd0-a034-6fc4d506eb91,allergenic.gripe,available,6.98,8.98,medium,low,10,namecheap,,,
0997f45c-43d3-4ac5-9de5-3e5da6c175c3,showering.gripe,available,6.99,6.99,high,low,9,namesilo,,,
0abc2fb4-c4bf-4e0c-9dd4-ff9d7143bab1,autistic.gripe,available,6.98,8.98,high,low,8,namecheap,,,07/08/2026 19:22
c5e72e9c-c629-409a-959d-66cf0badc71a,pollen.gripe,available,6.99,6.99,high,low,6,namesilo,,,
2cbbed0e-7c77-4c32-b2ac-f8c7a82ec09c,mop.gripe,premium,41.25,,high,low,3,name.com,,,
51195e31-bef0-4601-97b9-f393f613fbd8,portland.gripe,available,6.99,6.99,high,low,8,namesilo,,,
f9a44295-2ba2-4ca7-ad36-f8876d52bb28,zend.gripe,available,6.98,8.98,medium,low,4,namecheap,,,07/08/2026 23:12
4a3aa236-1ce1-454a-8b7c-2efe666ff3e3,awed.gripe,available,6.98,8.98,high,low,4,namecheap,,,08/08/2026 00:44
b4c4c612-0631-4cc0-afc9-af836ec7a48f,arresting.gripe,available,6.98,8.98,high,low,9,namecheap,,,06/08/2026 21:47